datetime,buoy,longitude,latitude,u,v,speed,depth,u_wind,v_wind
2020-08-30 12:00:00,2020S108,112.3914,88.2322,,,,-4332.110612925172,,
2020-08-30 13:00:00,2020S108,112.50163,88.2362,0.10335675040285947,0.12641280831949842,0.16328752543002556,-4339.633223677072,,
2020-08-30 14:00:00,2020S108,112.61457,88.2406,0.09988507202844868,0.1354310782681018,0.16828132568704435,-4343.589405527787,,
2020-08-30 15:00:00,2020S108,112.7178,88.2452,0.10112463171344965,0.13545085427147435,0.16903586915815533,-4345.200992052331,,
2020-08-30 16:00:00,2020S108,112.83403,88.2496,0.11463335977939457,0.12040727778381428,0.16624896907235465,-4345.055450745119,,
2020-08-30 17:00:00,2020S108,112.96716,88.2532,0.12641861347543687,0.10234193296633333,0.1626515818439445,-4343.05233461866,,
2020-08-30 18:00:00,2020S108,113.1096,88.2564,0.12790130904179697,0.08727655059953728,0.15484166473904512,-4339.821115542803,,
2020-08-30 19:00:00,2020S108,113.24643,88.259,0.1138654877116504,0.06919976363412964,0.13324397389312367,-4336.46465414785,,
2020-08-30 20:00:00,2020S108,113.35857,88.261,0.09352995589986203,0.0571693760379967,0.10961838443985573,-4333.84360473284,,
2020-08-30 21:00:00,2020S108,113.4512,88.2628,0.07430802484912105,0.05115126975152937,0.09021161208054823,-4332.125010095156,,
2020-08-30 22:00:00,2020S108,113.52142,88.2644,0.051329041671104136,0.04814357893938294,0.07037382121191474,-4330.937602656798,,
2020-08-30 23:00:00,2020S108,113.56379,88.266,0.03159572025214034,0.05718106715692347,0.06532965620188202,-4330.528651801683,,
2020-08-31 00:00:00,2020S108,113.5908,88.2682,0.02075048617007102,0.07223251360600617,0.07515396661611531,-4330.494654263203,,
2020-08-31 01:00:00,2020S108,113.60941,88.2708,0.020056924227176205,0.09029369976387312,0.09249449943917286,-4330.379342894036,,
2020-08-31 02:00:00,2020S108,113.63499,88.2742,0.03061596121482804,0.10534552408240584,0.10970422291463809,-4329.7572566440585,,
2020-08-31 03:00:00,2020S108,113.677,88.2778,0.046766384948803585,0.10233920062722272,0.11251847291088973,-4328.321388513573,,
2020-08-31 04:00:00,2020S108,113.73842,88.281,0.06282438876430926,0.0903011605919057,0.11000546999060642,-4326.193068349062,,
2020-08-31 05:00:00,2020S108,113.81618,88.2838,0.075527867404829,0.07826110941540913,0.1087624015993214,-4323.499726542548,,
2020-08-31 06:00:00,2020S108,113.906,88.2862,0.07879994323520755,0.060191536348886465,0.09915872176420616,-4320.430176233509,,
2020-08-31 07:00:00,2020S108,113.99122,88.2878,0.07077416016694879,0.045137947421545636,0.08394293326282529,-4317.69468947242,,
2020-08-31 08:00:00,2020S108,114.06338,88.2892,0.05687870726338754,0.0391177391864513,0.06903176702803834,-4315.25056812881,,
2020-08-31 09:00:00,2020S108,114.1178,88.2904,0.039526797107428395,0.03911936530258264,0.05561198100453459,-4313.272691856162,,
2020-08-31 10:00:00,2020S108,114.15141,88.2918,0.021986945674866018,0.04514250896968366,0.050212268383209684,-4311.665553629387,,
2020-08-31 11:00:00,2020S108,114.1668,88.2934,0.011021718770546238,0.05718432173675489,0.0582368005401199,-4310.376189676329,,
2020-08-31 12:00:00,2020S108,114.176,88.2956,0.008234296351817168,0.07524327138281287,0.0756924931865583,-4308.885397457779,,
2020-08-31 13:00:00,2020S108,114.1852,88.2984,0.009558023266468315,0.09631156769448618,0.09678467792234442,-4306.966218672625,,
2020-08-31 14:00:00,2020S108,114.1974,88.302,0.016931870536732493,0.10835215219662032,0.10966711961892792,-4304.401037055519,,
2020-08-31 15:00:00,2020S108,114.2232,88.3056,0.032557651568019735,0.11136589396333355,0.11602742354235497,-4301.553572485129,,
2020-08-31 16:00:00,2020S108,114.27062,88.3094,0.049177103897330335,0.10534702877502498,0.11625998460112905,-4298.263226746721,,
2020-08-31 17:00:00,2020S108,114.33398,88.3126,0.059725761240439615,0.09029569623308409,0.10826116253748339,-4295.1987929328125,,
2020-08-31 18:00:00,2020S108,114.4054,88.3154,0.06399428829286687,0.07825357209516741,0.10108852793351043,-4292.368745840772,,
2020-08-31 19:00:00,2020S108,114.47862,88.3178,0.061231477890634316,0.0662094758440479,0.0901830836477374,-4289.84869944571,,
2020-08-31 20:00:00,2020S108,114.54398,88.3198,0.05356246471812831,0.06018986277937432,0.08057144164082365,-4287.766235657067,,
2020-08-31 21:00:00,2020S108,114.6,88.3218,0.04541391122613421,0.05718092858593771,0.07302110603657895,-4285.9996973552825,,
2020-08-31 22:00:00,2020S108,114.64701,88.3236,0.03777010558051938,0.057181765709151504,0.06852981252841624,-4284.575400604413,,
2020-08-31 23:00:00,2020S108,114.68579,88.3256,0.029899745902500812,0.063201375790597,0.0699171560266747,-4283.343745780969,,
2020-09-01 00:00:00,2020S108,114.715,88.3278,0.02828392950455863,0.06922473409878865,0.07477997378487662,-4282.357416276523,,
2020-09-01 01:00:00,2020S108,114.75021,88.3302,0.03821849766039731,0.07223850020704277,0.08172548241265212,-4281.317059061754,,
2020-09-01 02:00:00,2020S108,114.80218,88.3326,0.04728082911603527,0.07524422779793415,0.08886602623504178,-4280.223442219082,,
2020-09-01 03:00:00,2020S108,114.8582,88.3352,0.05300254237693743,0.07524675959012508,0.09203990616701611,-4279.240730610231,,
2020-09-01 04:00:00,2020S108,114.92342,88.3376,0.06188883983277531,0.07223886998236419,0.09512456481990252,-4278.37355559466,,
2020-09-01 05:00:00,2020S108,114.99998,88.34,0.07652699190190135,0.0722476742174081,0.10524308490052166,-4277.606015932763,,
2020-09-01 06:00:00,2020S108,115.099,88.3424,0.10073409789438784,0.07226195053241014,0.12397236778147218,-4277.089599708378,,
2020-09-01 07:00:00,2020S108,115.23144,88.3448,0.11742773150520237,0.07223788430644676,0.1378679950370262,-4277.128326465842,,
2020-09-01 08:00:00,2020S108,115.36916,88.3472,0.11866525767113126,0.06621090721523079,0.13588718707965028,-4278.620551685773,,
2020-09-01 09:00:00,2020S108,115.5048,88.3492,0.10988663687041378,0.06318628867996282,0.1267579584871805,-4283.226010532366,,
2020-09-01 10:00:00,2020S108,115.62263,88.3514,0.09877061425714868,0.0752356388152147,0.12416132887766586,-4289.6905076359335,,
2020-09-01 11:00:00,2020S108,115.73297,88.3542,0.09817276451121415,0.08728633682086132,0.13136512584159907,-4299.477511750749,,
2020-09-01 12:00:00,2020S108,115.8498,88.3572,0.09537318586137632,0.09328959667696865,0.13341286830549784,-4313.3505340894235,,
2020-09-01 13:00:00,2020S108,115.95403,88.3604,0.08541673624139401,0.09931188217341826,0.1309918652854397,-4323.68360655571,,
2020-09-01 14:00:00,2020S108,116.04817,88.3638,0.08290639763017904,0.10534207666452453,0.13405380965868863,-4328.351382290808,,
2020-09-01 15:00:00,2020S108,116.147,88.3674,0.0882407330889258,0.1143739045969632,0.14445697293251816,-4327.009583225375,,
2020-09-01 16:00:00,2020S108,116.25403,88.3714,0.0972310465700954,0.11738840407170172,0.15242674905546327,-4320.230988859189,,
2020-09-01 17:00:00,2020S108,116.37436,88.3752,0.10921827696648728,0.10836254981497798,0.15385406795379805,-4320.673608737782,,
2020-09-01 18:00:00,2020S108,116.51,88.3786,0.11347960888888645,0.09630443382710302,0.1488360359870334,-4333.9508266699395,,
2020-09-01 19:00:00,2020S108,116.64083,88.3816,0.10379965586019622,0.08425468224300614,0.13369076271966251,-4337.341973327692,,
2020-09-01 20:00:00,2020S108,116.75417,88.3842,0.08725244196137058,0.07221580877583554,0.1132612540340711,,,
2020-09-01 21:00:00,2020S108,116.8464,88.3864,0.06951986527228819,0.07221949794122554,0.10024304240374882,,,
2020-09-01 22:00:00,2020S108,116.91822,88.389,0.05272251698824815,0.07824242832766995,0.09434798030793602,,,
2020-09-01 23:00:00,2020S108,116.97099,88.3916,0.03910659888695239,0.08727571693122711,0.09563669192503821,,,
2020-09-02 00:00:00,2020S108,117.0108,88.3948,0.03011165025301308,0.09931656779032165,0.1037809814879843,,,
2020-09-02 01:00:00,2020S108,117.04241,88.3982,0.027161467336825455,0.1143672431669553,0.11754833736594883,,,
2020-09-02 02:00:00,2020S108,117.07539,88.4024,0.03153314220943115,0.1294176122074769,0.13320381904091597,,,
2020-09-02 03:00:00,2020S108,117.1176,88.4068,0.04332574394815717,0.1414607692024709,0.14794684623883003,-4319.643498823051,,
2020-09-02 04:00:00,2020S108,117.17902,88.4118,0.05869649283302192,0.14748178458993233,0.1587329677689175,-4322.539643785732,,
2020-09-02 05:00:00,2020S108,117.25838,88.4166,0.0709147260191195,0.1444700739157877,0.16093632474864072,-4322.022700456787,,
2020-09-02 06:00:00,2020S108,117.3496,88.4214,0.077629266971633,0.13844653304167465,0.15872537793879268,-4330.299878773155,,
2020-09-02 07:00:00,2020S108,117.44563,88.4258,0.07928780518108666,0.12640439173915283,0.14921335832082583,-4340.943402133249,,
2020-09-02 08:00:00,2020S108,117.54137,88.4298,0.07586752514270158,0.12038025144383646,0.1422929594497203,-4339.016850393248,,
2020-09-02 09:00:00,2020S108,117.6296,88.4338,0.06872124479211787,0.1173698715172868,0.13600844174448365,-4334.855536295605,,
2020-09-02 10:00:00,2020S108,117.70842,88.4376,0.060640253150676504,0.1173702167821405,0.13210983343288565,-4333.871182226253,,
2020-09-02 11:00:00,2020S108,117.77738,88.4416,0.05311127630013732,0.12941006843865793,0.13988485794941374,-4333.2386137780795,,
2020-09-02 12:00:00,2020S108,117.8382,88.4462,0.05092584207685398,0.14747286110217256,0.15601822378458663,-4332.87109634379,,
2020-09-02 13:00:00,2020S108,117.90222,88.4514,0.0580283652378873,0.16854601971342267,0.17825558037104788,-4325.943702240952,,
2020-09-02 14:00:00,2020S108,117.98098,88.4574,0.07295503248688359,0.18059114087161882,0.19477062644679027,-4306.145249472422,,
2020-09-02 15:00:00,2020S108,118.0824,88.4634,0.09206145918507835,0.1836063600021958,0.20539378690832344,-4292.139474182607,,
2020-09-02 16:00:00,2020S108,118.20924,88.4696,0.10728288881907858,0.1805883915289744,0.2100518635679982,-4285.179738200748,,
2020-09-02 17:00:00,2020S108,118.34936,88.4754,0.11440169188749093,0.1745619668746829,0.20870943291063365,-4285.158264935029,,
2020-09-02 18:00:00,2020S108,118.495,88.4812,0.11308455411903659,0.17153895571487965,0.20545980071063233,-4284.897290668474,,
2020-09-02 19:00:00,2020S108,118.63284,88.4868,0.09929691996874665,0.16550493228489893,0.19300715252525916,-4282.475101599069,,
2020-09-02 20:00:00,2020S108,118.74477,88.4922,0.0765227530514298,0.1655068380916813,0.18234101346015416,-4255.040171217941,,
2020-09-02 21:00:00,2020S108,118.826,88.4978,0.0567646788186765,0.17755635417543064,0.18640946239249356,-4234.585475769415,,
2020-09-02 22:00:00,2020S108,118.88862,88.504,0.047998388117817994,0.19261200354539632,0.1985024664120838,-4265.060302424348,,
2020-09-02 23:00:00,2020S108,118.94818,88.5106,0.045365370057012466,0.20164051536698965,0.20668070601261956,-4300.194892366413,,
2020-09-03 00:00:00,2020S108,119.0046,88.5174,0.047724310636158215,0.2106742476212265,0.21601214881683478,-4332.7529535999965,,
2020-09-03 01:00:00,2020S108,119.07082,88.5246,0.05868512359901694,0.21970828328547035,0.22741080334073924,-4368.223959518966,,
2020-09-03 02:00:00,2020S108,119.15617,88.532,0.0725052102166891,0.2257282163615901,0.23708697385211003,-4376.469174537813,,
2020-09-03 03:00:00,2020S108,119.259,88.5396,0.08895529313940365,0.22573714526332855,0.24263203195199584,-4330.4603646950245,,
2020-09-03 04:00:00,2020S108,119.38824,88.547,0.10489119023297695,0.21971208644931528,0.24346573212754594,-4255.074147737263,,
2020-09-03 05:00:00,2020S108,119.53396,88.5542,0.11025985874054045,0.2106669295122057,0.2377767685026958,-4139.0136022972965,,
2020-09-03 06:00:00,2020S108,119.6786,88.561,0.10631429963850689,0.20163166628531165,0.2279431050868122,-4114.574695445537,,
2020-09-03 07:00:00,2020S108,119.81524,88.5676,0.09460448282679002,0.19259224120294566,0.21457348285027675,-4158.245213307007,,
2020-09-03 08:00:00,2020S108,119.92997,88.5738,0.07636040107144906,0.18356450581709366,0.19881357762403043,-4196.323846968943,,
2020-09-03 09:00:00,2020S108,120.019,88.5798,0.05496209983341892,0.18055722349746497,0.18873723367478984,-4229.284189766851,,
2020-09-03 10:00:00,2020S108,120.07721,88.5858,0.03634421830533484,0.1835754790610194,0.18713860830066203,-4258.1187940898735,,
2020-09-03 11:00:00,2020S108,120.11679,88.592,0.02184125124856969,0.19561545478563255,0.1968310097700385,-4279.005507115966,,
2020-09-03 12:00:00,2020S108,120.1362,88.5988,0.01706583566748037,0.2076582681936432,0.20835834299641684,-4315.0307932832775,,
2020-09-03 13:00:00,2020S108,120.16321,88.6058,0.017724857053312615,0.2166845206612987,0.2174082612316679,-4322.773695852078,,
2020-09-03 14:00:00,2020S108,120.18459,88.6132,0.01862603148237925,0.22270547251850187,0.22348301174467777,-4318.890842696312,,
2020-09-03 15:00:00,2020S108,120.2144,88.6206,0.028010921180754836,0.22571760159533494,0.22744899950394334,-4326.685502985833,,
2020-09-03 16:00:00,2020S108,120.26202,88.6282,0.04388885998327408,0.2287325807778785,0.23290518573003083,-4333.3335579921495,,
2020-09-03 17:00:00,2020S108,120.33638,88.6358,0.06256736263511914,0.2257265901973419,0.2342374188494085,-4327.0317795247365,,
2020-09-03 18:00:00,2020S108,120.4368,88.6432,0.07186262612573986,0.21367448290478055,0.22543518287595046,-4312.623499470137,,
2020-09-03 19:00:00,2020S108,120.53803,88.65,0.06541540205749666,0.19259700151520423,0.20340299854965638,-4293.410486694586,,
2020-09-03 20:00:00,2020S108,120.62118,88.656,0.05008422329241076,0.17153006190918055,0.17869244964847109,-4275.141375716976,,
2020-09-03 21:00:00,2020S108,120.6798,88.6614,0.03231803808336489,0.15347659537822736,0.15684234413719383,-4258.517997757118,,
2020-09-03 22:00:00,2020S108,120.713,88.6662,0.011115371536812794,0.13542339066273526,0.13587879239599238,-4244.587393687212,,
2020-09-03 23:00:00,2020S108,120.71141,88.6704,-0.013436502703871183,0.12941183305907347,0.13010750224572232,-4235.312565349038,,
2020-09-04 00:00:00,2020S108,120.6744,88.6748,-0.026589537315018036,0.13542705414625622,0.13801264612114264,-4229.006599371647,,
2020-09-04 01:00:00,2020S108,120.63499,88.6794,-0.020829343274955982,0.14144191992476793,0.14296740276465267,-4224.8613826452,,
2020-09-04 02:00:00,2020S108,120.6144,88.6842,-0.0029422896991369712,0.15348227728737263,0.15351047687370262,-4222.714525368335,,
2020-09-04 03:00:00,2020S108,120.6266,88.6896,0.01985178876953375,0.1595076820689825,0.1607382784416014,-4222.547120126641,,
2020-09-04 04:00:00,2020S108,120.67222,88.6948,0.040272171205960355,0.1504825311582045,0.15577817548495737,-4224.419876849013,,
2020-09-04 05:00:00,2020S108,120.74418,88.6996,0.048236785207814666,0.12639625829164186,0.1352878470421948,-4227.235330578558,,
2020-09-04 06:00:00,2020S108,120.8134,88.7032,0.040420091855985864,0.10532413182233974,0.11281381373650982,-4230.2412932733805,,
2020-09-04 07:00:00,2020S108,120.86281,88.7066,0.021904283446435812,0.10231505343449135,0.10463349269046036,-4234.288560806987,,
2020-09-04 08:00:00,2020S108,120.8778,88.71,0.0018473609875840971,0.09931172814141764,0.09932890862711263,-4237.84333059582,,
2020-09-04 09:00:00,2020S108,120.8682,88.7132,-0.019298716891691596,0.1023279091477082,0.10413184654181105,-4240.921800287584,,
2020-09-04 10:00:00,2020S108,120.82058,88.7168,-0.04000334670302657,0.10834851835611713,0.11549748558911746,-4244.378155884535,,
2020-09-04 11:00:00,2020S108,120.74942,88.7204,-0.05294125998230257,0.10533778463351523,0.117893281742475,-4258.653510829921,,
2020-09-04 12:00:00,2020S108,120.663,88.7238,-0.06206732454108191,0.10533734708087523,0.12226327930218772,-4268.125427344345,,
2020-09-04 13:00:00,2020S108,120.56417,88.7274,-0.06388661534150811,0.11435526293882257,0.13099093778426454,-4272.889102118206,,
2020-09-04 14:00:00,2020S108,120.47182,88.7314,-0.05664305173896861,0.11736099301608817,0.13031514874344338,-4274.613098657654,,
2020-09-04 15:00:00,2020S108,120.3942,88.7352,-0.04990574345972696,0.11435659773530284,0.12477185049466065,-4277.170666296024,,
2020-09-04 16:00:00,2020S108,120.32158,88.739,-0.04491583619581284,0.1053266135592585,0.1145038334075784,-4281.294796573887,,
2020-09-04 17:00:00,2020S108,120.25862,88.7422,-0.03825920333250861,0.0872703396040485,0.09528839810934064,-4285.792755972998,,
2020-09-04 18:00:00,2020S108,120.2058,88.7448,-0.03898274171040007,0.06320247197743149,0.07425770408057186,-4289.4666815519695,,
2020-09-04 19:00:00,2020S108,120.14038,88.7464,-0.047474838151983945,0.036118755028971425,0.059652533243776985,-4292.500619500584,,
2020-09-04 20:00:00,2020S108,120.06162,88.7472,-0.054876047196541496,0.018061040420085613,0.05777180745807609,-4294.559560161447,,
2020-09-04 21:00:00,2020S108,119.9736,88.7476,-0.05968028561296219,0.009031117950718164,0.06035973477645942,-4295.639093410688,,
2020-09-04 22:00:00,2020S108,119.88017,88.7478,-0.06326735323263663,3.0421360831534017e-06,0.06326735330577539,-4296.418391081518,,
2020-09-04 23:00:00,2020S108,119.78123,88.7476,-0.06430950782330608,-1.296386612475997e-06,0.06430950783637272,-4297.189724407173,,
2020-09-05 00:00:00,2020S108,119.6846,88.7478,-0.058746456420108145,0.006011376903873999,0.059053220015508855,-4298.171767117972,,
2020-09-05 01:00:00,2020S108,119.60258,88.748,-0.045711708010854835,0.00901833151375758,0.04659281653390019,-4298.952176026866,,
2020-09-05 02:00:00,2020S108,119.54556,88.7484,-0.030958526503542316,0.009022941989102001,0.03224660982815453,-4299.7103134153585,,
2020-09-05 03:00:00,2020S108,119.5084,88.7486,-0.01654992842777389,0.009024848594803668,0.018850676993773144,-4300.340529165424,,
2020-09-05 04:00:00,2020S108,119.4952,88.749,-6.708987932850475e-05,0.006018857842146844,0.006019231742995187,-4300.720308105184,,
2020-09-05 05:00:00,2020S108,119.5082,88.749,0.01012016751189326,-0.006018448899427413,0.011774528339759466,-4300.536316982183,,
2020-09-05 06:00:00,2020S108,119.526,88.7486,0.010911589670946584,-0.01805684817171451,0.021097690751441446,-4300.088350322611,,
2020-09-05 07:00:00,2020S108,119.5414,88.7478,0.003155312718461629,-0.027085517901411664,0.0272686867732749,-4299.53858028538,,
2020-09-05 08:00:00,2020S108,119.53561,88.7468,-0.014093418516949766,-0.030090535461274718,0.033227470108934475,-4299.309931024354,,
2020-09-05 09:00:00,2020S108,119.4986,88.7458,-0.03136407482814657,-0.02406969129293423,0.039535493278353456,-4299.320049023644,,
2020-09-05 10:00:00,2020S108,119.44038,88.7452,-0.041374739958243575,-0.0120344462400003,0.043089407084755005,-4299.536993819056,,
2020-09-05 11:00:00,2020S108,119.37302,88.745,-0.043888138924671236,-0.003010026333471279,0.043991237727522885,-4300.089457827744,,
2020-09-05 12:00:00,2020S108,119.3072,88.745,-0.02650527914196526,-0.00603072385219495,0.027182705026816807,-4300.7687235304065,,
2020-09-05 13:00:00,2020S108,119.2926,88.7446,-0.005933271206205634,-0.01805721339987129,0.019007016151276354,-4300.757382760598,,
2020-09-05 14:00:00,2020S108,119.2892,88.7438,-0.0005925686696702983,-0.030094419680062906,0.030100253047242516,-4300.531169699398,,
2020-09-05 15:00:00,2020S108,119.2908,88.7426,0.004230134614428681,-0.03912236535578294,0.0393503940245527,-4299.897736448609,,
2020-09-05 16:00:00,2020S108,119.302,88.7412,0.0072722745522376415,-0.04213219451502066,0.042755207774195884,-4298.660365581015,,
2020-09-05 17:00:00,2020S108,119.3128,88.7398,0.0020456348162149526,-0.04815134078342982,0.0481947740013718,-4297.458788716583,,
2020-09-05 18:00:00,2020S108,119.3082,88.738,-0.006502984943651369,-0.051159929947496505,0.051571574005551804,-4297.443723897272,,
2020-09-05 19:00:00,2020S108,119.29319,88.7364,-0.015335438350483932,-0.051158370613466564,0.05340743911878094,-4297.484094811324,,
2020-09-05 20:00:00,2020S108,119.26201,88.7346,-0.02339424612462153,-0.05416834925057537,0.05900424401915237,-4297.6606790522155,,
2020-09-05 21:00:00,2020S108,119.2228,88.7328,-0.02315853993867744,-0.045143448353344544,0.05073705649052184,-4298.059821139742,,
2020-09-05 22:00:00,2020S108,119.19239,88.7316,-0.02463667943472231,-0.02407273235971802,0.034445063751311074,-4297.639946792923,,
2020-09-05 23:00:00,2020S108,119.14882,88.7312,-0.03677635514275437,-0.00601142791929222,0.03726442758469317,-4297.279275874593,,
2020-09-06 00:00:00,2020S108,119.082,88.7312,-0.04831366316022594,0.009033137534872197,0.049150865930151125,-4296.198446673327,,
2020-09-06 01:00:00,2020S108,119.00378,88.7318,-0.05353571668652666,0.024077570472519384,0.058700957070555386,-4294.953175274277,,
2020-09-06 02:00:00,2020S108,118.92122,88.7328,-0.051106202485072624,0.03309872226183888,0.06088817083647358,-4295.648876487992,,
2020-09-06 03:00:00,2020S108,118.8502,88.734,-0.039045560905413786,0.03911437527474877,0.05526744231057065,-4298.174844796149,,
2020-09-06 04:00:00,2020S108,118.80379,88.7354,-0.02942342926030933,0.039121673972881965,0.048951440876412386,-4299.9750649281095,,
2020-09-06 05:00:00,2020S108,118.76161,88.7366,-0.03018590428196306,0.036115054271379586,0.04706894902528129,-4301.13622873313,,
2020-09-06 06:00:00,2020S108,118.7128,88.7378,-0.03925857666109406,0.03010154430126167,0.04947058530860352,-4302.1292846540855,,
2020-09-06 07:00:00,2020S108,118.64317,88.7386,-0.06087263911077612,0.018080270725557197,0.06350097937685868,-4303.222098557336,,
2020-09-06 08:00:00,2020S108,118.52904,88.739,-0.08938585602301773,0.015079704010795458,0.09064893121278847,-4304.461343539481,,
2020-09-06 09:00:00,2020S108,118.3732,88.7396,-0.12033801372934529,0.02713946788436591,0.12336039990763091,-4306.843521944773,,
2020-09-06 10:00:00,2020S108,118.16534,88.7408,-0.14973234507007843,0.04218046543384032,0.1555601710734481,-4309.6172699527315,,
2020-09-06 11:00:00,2020S108,117.92027,88.7424,-0.17005689073181357,0.06022529036187662,0.18040629613332326,-4309.592381460298,,
2020-09-06 12:00:00,2020S108,117.6502,88.7448,-0.18139420523917418,0.08728920234849713,0.20130390592581288,-4311.076908968132,,
2020-09-06 13:00:00,2020S108,117.36971,88.7482,-0.20423039052346542,0.10543661466877033,0.22984110190777007,-4311.667407167583,,
2020-09-06 14:00:00,2020S108,117.0287,88.7518,-0.2318557418264707,0.10237001228282236,0.2534496092573201,-4312.4290597902655,,
2020-09-06 15:00:00,2020S108,116.6624,88.755,-0.24307960579706023,0.09030402800820808,0.2593116122138795,-4312.770309725068,,
2020-09-06 16:00:00,2020S108,116.28529,88.7578,-0.24457067414748046,0.07221474444603478,0.2550093801575918,-4312.640606359929,,
2020-09-06 17:00:00,2020S108,115.9129,88.7598,-0.23793200043010848,0.03608193683580575,0.24065232804711492,-4312.2978810536515,,
2020-09-06 18:00:00,2020S108,115.5552,88.7602,-0.23712864570756678,-0.015021169898470903,0.237603935489763,-4311.937235109473,,
2020-09-06 19:00:00,2020S108,115.18509,88.7588,-0.24671845944635556,-0.06316165347921095,0.2546750727923935,-4313.265459093685,,
2020-09-06 20:00:00,2020S108,114.79871,88.756,-0.2564521769979507,-0.0992822567571853,0.2749994283517475,-4313.398374137755,,
2020-09-06 21:00:00,2020S108,114.4004,88.7522,-0.2719708225980551,-0.12631461126068635,0.2998724885056998,-4313.270075755828,,
2020-09-06 22:00:00,2020S108,113.96908,88.7476,-0.2842503069632025,-0.1384260795885942,0.31616454026178,-4311.091546913827,,
2020-09-06 23:00:00,2020S108,113.53611,88.743,-0.2699005369691122,-0.12650597461842786,0.29807727432726805,-4313.665637992369,,
2020-09-07 00:00:00,2020S108,113.151,88.7392,-0.2471663698800465,-0.11440731101738322,0.27236050964467706,-4310.75123524852,,
2020-09-07 01:00:00,2020S108,112.78951,88.7354,-0.2141861744266338,-0.10547400452353733,0.2387477391426934,-4311.948706436869,,
2020-09-07 02:00:00,2020S108,112.50566,88.7322,-0.15626758863953868,-0.08740684765261944,0.1790517139705295,-4313.358607395558,,
2020-09-07 03:00:00,2020S108,112.3198,88.7296,-0.10649674105813507,-0.08431293165656656,0.1358316100932634,-4313.276689079962,,
2020-09-07 04:00:00,2020S108,112.18637,88.7266,-0.06904362759559221,-0.0963385370900863,0.11852483385441531,-4318.230124928111,,
2020-09-07 05:00:00,2020S108,112.11321,88.7232,-0.0386616278227537,-0.11136007357444405,0.1178803946905961,-4321.593505275874,,
2020-09-07 06:00:00,2020S108,112.071,88.7192,-0.021175901147509023,-0.13542933586349754,0.13707488392056766,-4323.822767833475,,
2020-09-07 07:00:00,2020S108,112.0502,88.7142,-0.01350274363447216,-0.15649188868553546,0.1570733437284134,-4326.7614159869545,,
2020-09-07 08:00:00,2020S108,112.03101,88.7088,-0.017857194024584702,-0.16551800941117206,0.16647849956636596,-4328.439644569685,,
2020-09-07 09:00:00,2020S108,111.9976,88.7032,-0.03363466582672103,-0.16852048304511602,0.17184424328744455,-4329.610994633545,,
2020-09-07 10:00:00,2020S108,111.93238,88.6976,-0.05418151643076305,-0.15346936611218415,0.16275282810941463,-4331.080846610155,,
2020-09-07 11:00:00,2020S108,111.83923,88.693,-0.06820764436584306,-0.12037109370259719,0.13835274825277868,-4330.327785054764,,
2020-09-07 12:00:00,2020S108,111.7336,88.6896,-0.07156160690323687,-0.08426700602399292,0.11055311794255764,-4332.8303534404395,,
2020-09-07 13:00:00,2020S108,111.63117,88.6874,-0.05938828426108176,-0.05418724502976538,0.08039419028381892,-4335.536025591609,,
2020-09-07 14:00:00,2020S108,111.56121,88.686,-0.024946878394471673,-0.03311889440894569,0.041463332095955,-4335.388000944051,,
2020-09-07 15:00:00,2020S108,111.5588,88.6852,0.014027568333447168,-0.024070219583532865,0.027859435459984087,-4334.795746798726,,
2020-09-07 16:00:00,2020S108,111.60181,88.6844,0.035867868338456316,-0.023769257750879177,0.04302884605904005,-4334.807872512453,,
2020-09-07 17:00:00,2020S108,111.66261,88.68362,0.05082761146329701,-0.030083448584194643,0.059063186214271944,-4335.211995451435,,
2020-09-07 18:00:00,2020S108,111.7488,88.6824,0.0652045719906638,-0.03941493046558954,0.07619168558374935,-4331.8103406184355,,
2020-09-07 19:00:00,2020S108,111.85103,88.681,0.06948638965727365,-0.051163355677852296,0.0862904821624082,-4327.933334941493,,
2020-09-07 20:00:00,2020S108,111.94937,88.679,0.061319248255068744,-0.06621905080860097,0.09024972518827316,-4325.0813352874475,,
2020-09-07 21:00:00,2020S108,112.0278,88.6766,0.044337740029677164,-0.06922924383100797,0.08221023897515681,-4323.731864024123,,
2020-09-07 22:00:00,2020S108,112.07701,88.6744,0.02348088874065208,-0.05989494874472309,0.06433317201245317,-4322.814065751264,,
2020-09-07 23:00:00,2020S108,112.09531,88.67262,0.0069599208333144934,-0.0421337215309965,0.04270469515237831,-4321.288261814455,,
2020-09-08 00:00:00,2020S108,112.097,88.6716,0.004985180084562043,-0.018357353740993468,0.019022209567962415,-4320.230792694214,,
2020-09-08 01:00:00,2020S108,112.1096,88.6714,0.013362904277577126,0.0028605349013211194,0.01366564563616975,-4319.95790319662,,
2020-09-08 02:00:00,2020S108,112.13531,88.67179,0.028937287148073358,0.02107433015184881,0.03579796054022038,-4320.170644707616,,
2020-09-08 03:00:00,2020S108,112.1926,88.6728,0.04499479615081868,0.030250956402817657,0.05421855811379441,-4321.5234977303535,,
2020-09-08 04:00:00,2020S108,112.26442,88.6738,0.06315150220537388,0.03011554171677512,0.06996469169295441,-4323.589085529403,,
2020-09-08 05:00:00,2020S108,112.37396,88.6748,0.08882442385346104,0.018084810707411258,0.0906467795965317,-4324.573960830787,,
2020-09-08 06:00:00,2020S108,112.5196,88.675,0.10304448964084673,-0.0030051521400886252,0.1030883009110522,-4319.05809880906,,
2020-09-08 07:00:00,2020S108,112.67004,88.6746,0.09751241781120305,-0.012055501758520118,0.09825480522618887,-4317.642487707352,,
2020-09-08 08:00:00,2020S108,112.79977,88.6742,0.07809561585132171,-0.012061841030054532,0.07902159973217145,-4318.326835477136,,
2020-09-08 09:00:00,2020S108,112.89436,88.6738,0.051469232080895384,0.002990908406981404,0.051556060595200855,-4318.8173128805465,,
2020-09-08 10:00:00,2020S108,112.94761,88.6744,0.027025241550377097,0.03309744934059981,0.04272943755433483,-4319.703629279468,,
2020-09-08 11:00:00,2020S108,112.972,88.676,0.011180557104122402,0.056426079514663996,0.05752310237247054,-4320.9949359672055,,
2020-09-08 12:00:00,2020S108,112.97975,88.67815,0.004442976259862865,0.08426522602294774,0.0843822751218772,-4322.773823968028,,
2020-09-08 13:00:00,2020S108,112.9848,88.6816,0.011209960481912286,0.10608615740585865,0.10667678288712429,-4325.097422726335,,
2020-09-08 14:00:00,2020S108,113.01219,88.6852,0.03200991959952271,0.11933617434675609,0.12355467397264773,-4326.582647749116,,
2020-09-08 15:00:00,2020S108,113.07765,88.68953,0.06239361915745277,0.12642510592069955,0.14098322991982187,-4327.502015587782,,
2020-09-08 16:00:00,2020S108,113.19364,88.6936,0.09119096167048699,0.12145869654265543,0.151881554035469,-4327.354344215228,,
2020-09-08 17:00:00,2020S108,113.34356,88.6976,0.10692089646541622,0.10835222405832998,0.15222444796863213,-4325.939938982208,,
2020-09-08 18:00:00,2020S108,113.5062,88.7008,0.10216095709743504,0.08123205697447097,0.13052014494080086,-4324.080017270003,,
2020-09-08 19:00:00,2020S108,113.64283,88.703,0.07381096426719448,0.06015264331427957,0.09521763987701021,-4324.382933369092,,
2020-09-08 20:00:00,2020S108,113.72279,88.7048,0.03484688155329339,0.051143325862033476,0.06188654889569624,-4323.105928270699,,
2020-09-08 21:00:00,2020S108,113.7452,88.7064,-0.0037184355499612527,0.045143721291669464,0.04529660401177053,-4322.994605199503,,
2020-09-08 22:00:00,2020S108,113.71178,88.7078,-0.04074930588070873,0.04817029246172595,0.06309423908414916,-4323.416886659829,,
2020-09-08 23:00:00,2020S108,113.62503,88.7096,-0.07253843603802665,0.06322426806290896,0.09622438763085715,-4323.792799056999,,
2020-09-09 00:00:00,2020S108,113.4976,88.712,-0.09096217914251263,0.08728528652428189,0.12606680482181082,-4323.494780537902,,
2020-09-09 01:00:00,2020S108,113.35596,88.7154,-0.09443013528118774,0.10833732181035104,0.1437150853120958,-4323.633867271118,,
2020-09-09 02:00:00,2020S108,113.21764,88.7192,-0.09099982186549649,0.11736350939994503,0.1485098007480418,-4323.49023097056,,
2020-09-09 03:00:00,2020S108,113.0854,88.7232,-0.08647990065630855,0.1075825744115411,0.13803182073181447,-4321.912770469729,,
2020-09-09 04:00:00,2020S108,112.95982,88.72635,-0.08248855281459938,0.0872705183764624,0.12008540595402678,-4318.842549502376,,
2020-09-09 05:00:00,2020S108,112.83883,88.729,-0.08556681478000501,0.0549329215139705,0.10168237633757252,-4316.295461843612,,
2020-09-09 06:00:00,2020S108,112.7036,88.73,-0.10019705109883838,0.009355329121048785,0.10063285364067927,-4316.389986364354,,
2020-09-09 07:00:00,2020S108,112.53855,88.72962,-0.12609003377769792,-0.030041893696467523,0.12961948925578612,-4315.437427066556,,
2020-09-09 08:00:00,2020S108,112.32586,88.728,-0.15493475426209774,-0.05140926548587154,0.16324120391633185,-4314.879682797725,,
2020-09-09 09:00:00,2020S108,112.0748,88.7262,-0.18594623395458415,-0.05363090130132292,0.19352590394126876,-4319.677705868518,,
2020-09-09 10:00:00,2020S108,111.77004,88.72443,-0.22291428039791183,-0.04804149550578777,0.22803236984198424,-4322.242873802476,,
2020-09-09 11:00:00,2020S108,111.4093,88.723,-0.2437486193411461,-0.03354287303718743,0.2460457554242784,-4317.964221235699,,
2020-09-09 12:00:00,2020S108,111.043,88.7222,-0.24255947312236154,-0.015067192156217074,0.24302699084848578,-4317.223674946038,,
2020-09-09 13:00:00,2020S108,110.68626,88.722,-0.22290147684823117,0.0029137952365229647,0.22292052077770436,-4317.479494379624,,
2020-09-09 14:00:00,2020S108,110.37867,88.7224,-0.17944237578853808,0.014921319950057035,0.1800616894780422,-4316.374263290111,,
2020-09-09 15:00:00,2020S108,110.1514,88.723,-0.12449361267296591,0.0029187750823863115,0.1245278235750871,-4317.33961570467,,
2020-09-09 16:00:00,2020S108,110.00758,88.7226,-0.06124473200032069,-0.021122286019962407,0.06478478343330481,-4316.516768591865,,
2020-09-09 17:00:00,2020S108,109.96881,88.7216,-0.025176720869810057,-0.03912342765753492,0.04652429328244221,-4316.422052775948,,
2020-09-09 18:00:00,2020S108,109.9326,88.72,-0.03869897475332665,-0.05716518340282274,0.06903237530635153,-4316.715294139501,,
2020-09-09 19:00:00,2020S108,109.85377,88.7178,-0.07060811658839919,-0.07520425759282662,0.10315612676060106,-4317.82872492608,,
2020-09-09 20:00:00,2020S108,109.72305,88.715,-0.11376431739532075,-0.08418941945618853,0.14152801228305772,-4315.846714309666,,
2020-09-09 21:00:00,2020S108,109.5168,88.7122,-0.1551629769183334,-0.07171217207956912,0.17093327654534968,-4304.5261398581515,,
2020-09-09 22:00:00,2020S108,109.26417,88.71023,-0.1856911662118109,-0.05109044160873481,0.1925913872240343,-4302.618962850468,,
2020-09-09 23:00:00,2020S108,108.96849,88.7088,-0.21042588956864008,-0.030491552070479766,0.21262358699923273,-4300.866787665277,,
2020-09-10 00:00:00,2020S108,108.6434,88.7082,-0.2142476820331191,-0.006053247095674383,0.2143331776859705,-4294.298289483163,,
2020-09-10 01:00:00,2020S108,108.33672,88.7084,-0.188403461547427,0.011942632409276052,0.18878159547984516,-4287.539154709877,,
2020-09-10 02:00:00,2020S108,108.08786,88.709,-0.1500793389287049,0.024003459381091906,0.1519867561188698,-4296.774971440353,,
2020-09-10 03:00:00,2020S108,107.894,88.71,-0.11555146610139086,0.03305687501834671,0.12018693067118187,-4299.0087057451055,,
2020-09-10 04:00:00,2020S108,107.74677,88.7112,-0.08388997387645805,0.027050884695875955,0.08814350843835518,-4296.026337878626,,
2020-09-10 05:00:00,2020S108,107.64622,88.7118,-0.06360798229042244,0.00601161848952151,0.06389143109934424,-4295.977893805328,,
2020-09-10 06:00:00,2020S108,107.5588,88.7116,-0.05965083740353305,-0.018055989761544176,0.062323680645575856,-4298.022663785231,,
2020-09-10 07:00:00,2020S108,107.46997,88.7106,-0.06243460414713379,-0.03310033834454126,0.0706662026256711,-4300.644278227503,,
2020-09-10 08:00:00,2020S108,107.37443,88.7094,-0.06934772706144472,-0.042124190480790726,0.08113910692292942,-4305.462942147106,,
2020-09-10 09:00:00,2020S108,107.2654,88.7078,-0.081391948722685,-0.04211684793137673,0.09164321140461468,-4308.415547071162,,
2020-09-10 10:00:00,2020S108,107.13456,88.7066,-0.09303964766678324,-0.030084543885764783,0.09778269692933239,-4311.41171620817,,
2020-09-10 11:00:00,2020S108,106.99144,88.7058,-0.09997786657497289,-0.012181277076102455,0.10071721459655177,-4311.55256103722,,
2020-09-10 12:00:00,2020S108,106.8403,88.70579,-0.10039942451492063,0.009022393418333621,0.10080400798540917,-4313.93154697105,,
2020-09-10 13:00:00,2020S108,106.69596,88.7064,-0.09715746230297206,0.027233315900215743,0.10090206130736072,-4316.488135123555,,
2020-09-10 14:00:00,2020S108,106.55423,88.7076,-0.08177681457020851,0.045111464555423586,0.09339428052929957,-4316.078656111713,,
2020-09-10 15:00:00,2020S108,106.455,88.7094,-0.06021825123194507,0.054159253744098204,0.08099050899674151,-4314.659384779576,,
2020-09-10 16:00:00,2020S108,106.37658,88.7112,-0.04590557212552253,0.04814277640746738,0.06652103781805384,-4314.919425695278,,
2020-09-10 17:00:00,2020S108,106.31941,88.7126,-0.03745614119741437,0.03912175622666657,0.054161557618474805,-4315.074706160227,,
2020-09-10 18:00:00,2020S108,106.2658,88.7138,-0.03893379622011339,0.021068905176181763,0.04426894231210245,-4315.175900522688,,
2020-09-10 19:00:00,2020S108,106.20418,88.714,-0.04889320863123935,0.003018639924173224,0.04898630458862672,-4315.687642578256,,
2020-09-10 20:00:00,2020S108,106.12103,88.714,-0.06854792873610975,2.194173927714399e-05,0.06854793224781257,-4316.136599092557,,
2020-09-10 21:00:00,2020S108,106.0012,88.714,-0.09721043889424347,0.0030503526900973674,0.097258285413354,-4316.621829462404,,
2020-09-10 22:00:00,2020S108,105.83315,88.7142,-0.12243863257715376,0.018085107838250285,0.12376707911591192,-4318.7205810846735,,
2020-09-10 23:00:00,2020S108,105.63846,88.7152,-0.13528754900739426,0.045155443919407304,0.1426244545370353,-4323.433527991933,,
2020-09-11 00:00:00,2020S108,105.432,88.7172,-0.14026575657706136,0.07223082302361021,0.15777127198195345,-4324.170445270638,,
2020-09-11 01:00:00,2020S108,105.22194,88.72,-0.13359655600385628,0.09823170278781299,0.16582372329882336,-4321.160093222092,,
2020-09-11 02:00:00,2020S108,105.03446,88.72373,-0.11475411151953764,0.11733537849619133,0.1641222019029813,-4318.7487344109595,,
2020-09-11 03:00:00,2020S108,104.8796,88.7278,-0.08522215618275668,0.11537128528246846,0.14343412903548058,-4311.996010557242,,
2020-09-11 04:00:00,2020S108,104.77958,88.7314,-0.05772595276362435,0.10230752821266449,0.11746963842394906,-4315.263079799924,,
2020-09-11 05:00:00,2020S108,104.70642,88.7346,-0.04472731633305715,0.08380837301086566,0.09499671685424585,-4309.488384537375,,
2020-09-11 06:00:00,2020S108,104.64505,88.73697,-0.04300737790467838,0.06019141641882181,0.073977301685989,-4295.739809447839,,
2020-09-11 07:00:00,2020S108,104.57678,88.7386,-0.052486486411297474,0.03657471234680706,0.06397296959697114,-4282.927353622323,,
2020-09-11 08:00:00,2020S108,104.48663,88.7394,-0.0734817860194151,0.021092781472378013,0.0764491877448322,-4273.207484446991,,
2020-09-11 09:00:00,2020S108,104.3548,88.74,-0.10098607077591186,0.02411212469095026,0.10382476124638772,-4276.508281389605,,
2020-09-11 10:00:00,2020S108,104.18135,88.741,-0.12187504552645485,0.03914575479794185,0.1280074874402901,-4269.528914472093,,
2020-09-11 11:00:00,2020S108,103.98606,88.7426,-0.131762121183388,0.057188862998055916,0.1436378175473167,-4254.463244741711,,
2020-09-11 12:00:00,2020S108,103.7822,88.7448,-0.12796663806000583,0.07822327726770739,0.14998113735693952,-4244.905802201237,,
2020-09-11 13:00:00,2020S108,103.59775,88.7478,-0.11264842553222132,0.09627566139600316,0.14818458338209906,-4238.465633009831,,
2020-09-11 14:00:00,2020S108,103.43964,88.7512,-0.09263007572909696,0.0992836872537586,0.1357850561891123,-4234.101320183883,,
2020-09-11 15:00:00,2020S108,103.3154,88.7544,-0.06894274459898965,0.09326953172313722,0.11598408330755913,-4231.472621380346,,
2020-09-11 16:00:00,2020S108,103.22898,88.7574,-0.04669744632068274,0.07522358147424305,0.08853947539196924,-4229.88768752302,,
2020-09-11 17:00:00,2020S108,103.17241,88.7594,-0.03252517678548867,0.04513765579300131,0.05563537629435749,-4229.020820370977,,
2020-09-11 18:00:00,2020S108,103.1292,88.7604,-0.031336351549073396,0.015049829556666344,0.034762973090514314,-4228.566419203069,,
2020-09-11 19:00:00,2020S108,103.07618,88.7604,-0.04303673886500896,-0.009018471643492872,0.043971510355222704,-4228.183320124008,,
2020-09-11 20:00:00,2020S108,102.99703,88.7598,-0.06416466294943114,-0.021044325283891763,0.06752753214851219,-4227.634323265403,,
2020-09-11 21:00:00,2020S108,102.8792,88.759,-0.09016740851940634,-0.021033679053038934,0.09258821314623022,-4227.018615704356,,
2020-09-11 22:00:00,2020S108,102.72035,88.7584,-0.11270246065194123,-0.009000674685866114,0.11306129656873369,-4226.320155025065,,
2020-09-11 23:00:00,2020S108,102.53346,88.7584,-0.12787053002771495,0.01506778878712356,0.1287552356547186,-4225.795763657143,,
2020-09-12 00:00:00,2020S108,102.328,88.7594,-0.13252357830008027,0.042127123679622805,0.1390582372783998,-4225.47133350435,,
2020-09-12 01:00:00,2020S108,102.12655,88.7612,-0.12353252692420248,0.0601633174776336,0.13740418471863708,-4225.398829799418,,
2020-09-12 02:00:00,2020S108,101.94824,88.7634,-0.10152106462371553,0.06616814285556981,0.12118064899680855,-4225.691550968648,,
2020-09-12 03:00:00,2020S108,101.814,88.7656,-0.07341404651838825,0.06572890450177044,0.09853888122567117,-4226.091388557597,,
2020-09-12 04:00:00,2020S108,101.72184,88.76777,-0.049981153135921205,0.060175417795947,0.07822529370806594,-4226.50362695148,,
2020-09-12 05:00:00,2020S108,101.65961,88.7696,-0.03557194560068856,0.04257887358985493,0.0554826440429725,-4226.836794368037,,
2020-09-12 06:00:00,2020S108,101.6118,88.7706,-0.032497520668378105,0.01805796287625905,0.03717766631772376,-4227.044941260575,,
2020-09-12 07:00:00,2020S108,101.55898,88.7708,-0.04093009222281947,7.550836786548304e-06,0.04093009291931357,-4227.163561304375,,
2020-09-12 08:00:00,2020S108,101.48502,88.7706,-0.05804801324421284,-0.00901212411314858,0.05874342705895787,-4227.291664090304,,
2020-09-12 09:00:00,2020S108,101.3792,88.7702,-0.0781785989517596,-0.009007480399228194,0.0786957942789991,-4227.476869264514,,
2020-09-12 10:00:00,2020S108,101.24293,88.77,-0.09724718582203994,0.0030336941249001215,0.09729449342254586,-4227.817050514376,,
2020-09-12 11:00:00,2020S108,101.07805,88.7704,-0.11171451644821578,0.027100655832414416,0.11495468120875137,-4228.36852901815,,
2020-09-12 12:00:00,2020S108,100.8968,88.7718,-0.11525925729641776,0.05717374297518781,0.12866053504596764,-4229.143169873813,,
2020-09-12 13:00:00,2020S108,100.72055,88.7742,-0.10594644070166878,0.08123249518853012,0.1335041818517562,-4230.023078678163,,
2020-09-12 14:00:00,2020S108,100.56764,88.7772,-0.08459195475826206,0.09326045972653436,0.12590993669376693,-4230.857099343894,,
2020-09-12 15:00:00,2020S108,100.4572,88.7804,-0.05763133641628447,0.09929008541133467,0.11480371073322104,-4231.501960153353,,
2020-09-12 16:00:00,2020S108,100.38779,88.7838,-0.03343973313636245,0.09328192452368171,0.099094566930145,-4231.938910056806,,
2020-09-12 17:00:00,2020S108,100.35261,88.7866,-0.016517846499225896,0.07824213565678295,0.07996668709598026,-4232.175208218069,,
2020-09-12 18:00:00,2020S108,100.336,88.789,-0.013172071208738968,0.06018923794199177,0.06161369834676208,-4232.301861893002,,
2020-09-12 19:00:00,2020S108,100.31119,88.7906,-0.02634579832883524,0.04213945653483503,0.04969743340088006,-4232.423675839096,,
2020-09-12 20:00:00,2020S108,100.25302,88.7918,-0.05093737853857215,0.03613259596046389,0.06245142931289822,-4232.645062995882,,
2020-09-12 21:00:00,2020S108,100.1506,88.793,-0.08132171484808856,0.04216845575607202,0.09160458485624849,-4233.002490581169,,
2020-09-12 22:00:00,2020S108,99.99635,88.7946,-0.11192244455178733,0.05722273884545759,0.1257023286793978,-4233.530799169631,,
2020-09-12 23:00:00,2020S108,99.79686,88.7968,-0.1386434101983337,0.08732086260949032,0.16385032266763744,-4234.184595076014,,
2020-09-13 00:00:00,2020S108,99.5572,88.8004,-0.15442218193079735,0.12941847975138765,0.20148288555961424,-4234.81565027369,,
2020-09-13 01:00:00,2020S108,99.30633,88.8054,-0.15407287508534312,0.16851119058180208,0.22832974442319198,-4235.136771872741,,
2020-09-13 02:00:00,2020S108,99.06586,88.8116,-0.14440119064624155,0.19558663372774027,0.243116916632721,-4234.924480407227,,
2020-09-13 03:00:00,2020S108,98.8436,88.8184,-0.1298234433500205,0.2088212022860238,0.2458870085373289,-4234.185654455205,,
2020-09-13 04:00:00,2020S108,98.64757,88.82548,-0.11880279973824229,0.2136587170878319,0.24446707879234597,-4233.031892991126,,
2020-09-13 05:00:00,2020S108,98.45845,88.8326,-0.11636468170465308,0.21246325832480828,0.2422423895320954,-4231.681136361961,,
2020-09-13 06:00:00,2020S108,98.268,88.8396,-0.1273658692519064,0.20467843302934002,0.24107120441404806,-4230.273301833586,,
2020-09-13 07:00:00,2020S108,98.04033,88.8462,-0.1569785502248014,0.18967561614341788,0.24620947299010593,-4228.934607816396,,
2020-09-13 08:00:00,2020S108,97.74969,88.8522,-0.19818722582580878,0.18069254890242942,0.2681939106493415,-4227.728880062867,,
2020-09-13 09:00:00,2020S108,97.3824,88.8582,-0.2430651225440758,0.18673941897027901,0.30651633626076763,-4226.494973710511,,
2020-09-13 10:00:00,2020S108,96.93847,88.8646,-0.2702785975498767,0.23176136386772433,0.35603911312572945,-4225.373179240946,,
2020-09-13 11:00:00,2020S108,96.47472,88.8736,-0.24441543289236564,0.31576031956599226,0.39930374810209335,-4224.298717488972,,
2020-09-13 12:00:00,2020S108,96.112,88.8856,-0.17248251341523824,0.3639217365599622,0.40272726226921407,-4223.939254045779,,
2020-09-13 13:00:00,2020S108,95.88676,88.8978,-0.0904636848370508,0.3640213031219336,0.3750935715270097,-4225.331862367847,,
2020-09-13 14:00:00,2020S108,95.80101,88.9098,-0.012747166181630992,0.34305225964974473,0.3432890081206475,-4228.822947754704,,
2020-09-13 15:00:00,2020S108,95.8436,88.9206,0.05730458575371525,0.2949748330747286,0.30048954673310835,-4233.463849093656,,
2020-09-13 16:00:00,2020S108,96.00406,88.9294,0.10436980422929162,0.22574544660460052,0.24870477015443673,-4236.59723986607,,
2020-09-13 17:00:00,2020S108,96.21474,88.9356,0.10955605798213622,0.14742820211514956,0.18367799165792997,-4237.54520812622,,
2020-09-13 18:00:00,2020S108,96.3954,88.9392,0.07612976505086622,0.08721187698888688,0.11576550701579823,-4237.434796055938,,
2020-09-13 19:00:00,2020S108,96.48761,88.9414,0.030784287981598952,0.07822294928432351,0.08406248973990638,-4237.418333824845,,
2020-09-13 20:00:00,2020S108,96.506,88.9444,-0.006040011926550064,0.1113485788093565,0.11151227621628186,-4238.015580805404,,
2020-09-13 21:00:00,2020S108,96.4656,88.9488,-0.03383364178238752,0.14746974748036124,0.1513011623821193,-4239.185348950558,,
2020-09-13 22:00:00,2020S108,96.38318,88.9542,-0.02476870367951642,0.19859969164450597,0.20013826771324006,-4240.654147926312,,
2020-09-13 23:00:00,2020S108,96.37578,88.962,0.03791089754640872,0.252835022785746,0.2556614654183203,-4241.331636928292,,
2020-09-14 00:00:00,2020S108,96.5236,88.971,0.12446398016081876,0.27402747528105514,0.30096900100572144,-4240.337384415022,,
2020-09-14 01:00:00,2020S108,96.83791,88.9802,0.20960868053734552,0.2681074818873145,0.34031958627232084,-4238.171749537292,,
2020-09-14 02:00:00,2020S108,97.30744,88.9888,0.29563883829929316,0.24118585927990804,0.3815402225552939,-4236.1125032481905,,
2020-09-14 03:00:00,2020S108,97.952,88.9962,0.36818058296363126,0.18690642703110866,0.4129055026721907,-4233.950149475341,,
2020-09-14 04:00:00,2020S108,98.70322,89.0012,0.40326039089442317,0.11747066516335097,0.4200217851948195,-4231.905968264548,,
2020-09-14 05:00:00,2020S108,99.48798,89.004,0.39938301215211225,0.04498043661390619,0.40190798707374786,-4230.214994488921,,
2020-09-14 06:00:00,2020S108,100.2282,89.0042,0.35103303073001635,-0.015470969983965355,0.3513737889708698,-4229.046230909664,,
2020-09-14 07:00:00,2020S108,100.82954,89.003,0.27065236954978816,-0.0395181311382294,0.273522188919973,-4228.354873918821,,
2020-09-14 08:00:00,2020S108,101.2621,89.0016,0.18336665422647552,-0.018319673572280537,0.18427951682703844,-4227.903434968402,,
2020-09-14 09:00:00,2020S108,101.5296,89.0018,0.11467514351037997,0.048051506707666,0.12433557751505846,-4227.687900157142,,
2020-09-14 10:00:00,2020S108,101.70004,89.0048,0.09222709503229772,0.1384377529930487,0.1663455695588579,-4227.665033649272,,
2020-09-14 11:00:00,2020S108,101.88313,89.011,0.1327567971956199,0.21683792146355607,0.25424997814409794,-4227.86127017542,,
2020-09-14 12:00:00,2020S108,102.2128,89.0192,0.1885931545271427,0.2589164087197018,0.320320284463545,-4228.261306299395,,
2020-09-14 13:00:00,2020S108,102.61632,89.0282,0.22686139606306074,0.26196443605587616,0.34654214575106757,-4228.650392504135,,
2020-09-14 14:00:00,2020S108,103.10225,89.0366,0.2769757187414944,0.23802202164908492,0.36519861933239134,-4228.981385833254,,
2020-09-14 15:00:00,2020S108,103.7116,89.044,0.327256629418125,0.20787015998595532,0.3876943446978543,-4229.295243724982,,
2020-09-14 16:00:00,2020S108,104.40579,89.0504,0.345956343831004,0.16850140756840287,0.38480971426076144,-4229.884317987209,,
2020-09-14 17:00:00,2020S108,105.09781,89.0552,0.3427707249473356,0.08724742921154767,0.3537002739395971,-4231.039023057994,,
2020-09-14 18:00:00,2020S108,105.7846,89.0562,0.33322095701175086,-0.012126561324716595,0.33344153862617243,-4233.994029997477,,
2020-09-14 19:00:00,2020S108,106.44036,89.0544,0.27766160135539153,-0.08171669786260703,0.2894366659164125,-4238.119956298232,,
2020-09-14 20:00:00,2020S108,106.9023,89.0508,0.17265232132501307,-0.10266109939679062,0.2008684280524774,-4241.44110793253,,
2020-09-14 21:00:00,2020S108,107.134,89.0476,0.06922442689633854,-0.06932589055743951,0.09796989527762393,-4242.882957362039,,
2020-09-14 22:00:00,2020S108,107.1798,89.0462,-0.002157625237405633,-0.015044579221350274,0.015198510144503444,-4243.095045895638,,
2020-09-14 23:00:00,2020S108,107.12543,89.0466,-0.04013006819897699,0.05117607336010872,0.06503393620421398,-4242.7688077032735,,
2020-09-15 00:00:00,2020S108,107.0192,89.0496,-0.04303670547506132,0.11734717355992139,0.12499006824803915,-4242.230321543506,,
2020-09-15 01:00:00,2020S108,106.95299,89.0544,-0.00892398985583396,0.15647550736653046,0.1567297738164646,-4241.865524467807,,
2020-09-15 02:00:00,2020S108,106.98378,89.06,0.03945745766040654,0.16554469230364982,0.17018206754806123,-4242.057629949417,,
2020-09-15 03:00:00,2020S108,107.1134,89.0654,0.08489523212608013,0.14150011527452794,0.165013584472448,-4242.84724236614,,
2020-09-15 04:00:00,2020S108,107.32987,89.0694,0.11345655885952798,0.09331769655967675,0.14690331255437858,-4244.2908927732915,,
2020-09-15 05:00:00,2020S108,107.57733,89.0716,0.11412473544000398,0.033074551581852865,0.11882079448308511,-4245.93059542638,,
2020-09-15 06:00:00,2020S108,107.7974,89.0716,0.08897826738510521,-0.027141993642427194,0.09302590975497545,-4247.117160151009,,
2020-09-15 07:00:00,2020S108,107.94202,89.0698,0.040842629629003716,-0.07226617268042275,0.08300915677736193,-4247.685565497597,,
2020-09-15 08:00:00,2020S108,107.96481,89.0668,-0.02098677572176079,-0.09025459106291936,0.09266248411914225,-4247.6859903450495,,
2020-09-15 09:00:00,2020S108,107.8568,89.0638,-0.08009577587061044,-0.07515520122265612,0.10983459192409736,-4247.270089881371,,
2020-09-15 10:00:00,2020S108,107.63913,89.0618,-0.11563914799732954,-0.03607641956050784,0.12113595914448391,-4246.277070262239,,
2020-09-15 11:00:00,2020S108,107.38707,89.0614,-0.11659340158839385,0.018024435447646314,0.11797839449305474,-4244.8499634341115,,
2020-09-15 12:00:00,2020S108,107.1656,89.063,-0.08483911050133283,0.07425641437024523,0.11274612962662144,-4243.312313414093,,
2020-09-15 13:00:00,2020S108,107.04221,89.06634,-0.02939154965764268,0.11131084203267458,0.11512587348333436,-4242.232849285358,,
2020-09-15 14:00:00,2020S108,107.04618,89.0704,0.03253432578755097,0.11830051700764474,0.12269268388427465,-4242.046080646067,,
2020-09-15 15:00:00,2020S108,107.176,89.0742,0.08638937938697178,0.09591739410598521,0.12908629424903725,-4242.96308530289,,
2020-09-15 16:00:00,2020S108,107.40162,89.07677,0.12306961875677598,0.05422674458117214,0.1344866940957724,-4244.791606981478,,
2020-09-15 17:00:00,2020S108,107.68332,89.0778,0.13540410303932746,0.0034549350390478684,0.13544817346870666,-4246.827272088294,,
2020-09-15 18:00:00,2020S108,107.9602,89.077,0.12186226948411358,-0.04218399719239556,0.12895697865159045,-4248.198279607704,,
2020-09-15 19:00:00,2020S108,108.18585,89.075,0.08189328567139204,-0.07155160938989101,0.10874807145112857,-4248.776453063982,,
2020-09-15 20:00:00,2020S108,108.2975,89.07225,0.023039982015357206,-0.08127642982521309,0.08447898446596509,-4248.8061791789605,,
2020-09-15 21:00:00,2020S108,108.2808,89.0696,-0.028884477245512095,-0.057907309465204615,0.06471143264714112,-4248.613005361854,,
2020-09-15 22:00:00,2020S108,108.17936,89.0684,-0.05831238039323014,-0.012319881768942652,0.0595996073302962,-4248.367030627313,,
2020-09-15 23:00:00,2020S108,108.04225,89.06878,-0.06210302879436059,0.03610043140707022,0.07183333023889232,-4247.989657891255,,
2020-09-16 00:00:00,2020S108,107.9252,89.0708,-0.035913825799178185,0.08648952227597892,0.09364956138210563,-4247.6683241557475,,
2020-09-16 01:00:00,2020S108,107.8952,89.07453,0.017282205345141896,0.12821527506229574,0.12937477103706044,-4247.719093334799,,
2020-09-16 02:00:00,2020S108,107.99696,89.07932,0.07473503099100141,0.1395488027813966,0.15830095771961417,-4248.561257372531,,
2020-09-16 03:00:00,2020S108,108.2048,89.0838,0.1219586868969123,0.11565227344802312,0.1680754879907103,-4249.664465700147,,
2020-09-16 04:00:00,2020S108,108.5039,89.087,0.16088290432790905,0.08135112354366561,0.18028120869020123,-4250.241932387471,,
2020-09-16 05:00:00,2020S108,108.87569,89.0892,0.1763463647693726,0.03609965951366397,0.1800034049243933,-4249.9729518480935,,
2020-09-16 06:00:00,2020S108,109.2404,89.0894,0.1488580276767722,-0.012176261304335016,0.1493551932246419,-4249.264045969958,,
2020-09-16 07:00:00,2020S108,109.49785,89.0884,0.07874979893901302,-0.06332236129321721,0.10105074107933949,-4248.6401576437265,,
2020-09-16 08:00:00,2020S108,109.5694,89.0852,-0.0007302960912618575,-0.11134239171086316,0.11134478669554405,-4248.486725847945,,
2020-09-16 09:00:00,2020S108,109.4954,89.081,-0.06558806469115042,-0.12330957105097531,0.13966762166911148,-4248.667566269368,,
2020-09-16 10:00:00,2020S108,109.29814,89.077,-0.10641862067258157,-0.10528258472128374,0.14969751324403854,-4248.973164825697,,
2020-09-16 11:00:00,2020S108,109.05627,89.074,-0.11749115256487803,-0.06921304083423191,0.1363620766655616,-4249.159061052969,,
2020-09-16 12:00:00,2020S108,108.8146,89.0724,-0.0961608907761176,-0.033175962922872726,0.10172296412667223,-4249.225341006122,,
2020-09-16 13:00:00,2020S108,108.66118,89.0718,-0.03990534234648534,-0.006068366898115832,0.04036411060088335,-4249.18930467092,,
2020-09-16 14:00:00,2020S108,108.65078,89.072,0.02622548725446757,0.0030386725080465693,0.026400941504904688,-4249.199240740497,,
2020-09-16 15:00:00,2020S108,108.7688,89.072,0.08481893160219092,-0.017521525298381184,0.08660978586117711,-4249.201450700115,,
2020-09-16 16:00:00,2020S108,108.99855,89.07083,0.12943119449371765,-0.06507095753107361,0.14486774527851723,-4248.980453009002,,
2020-09-16 17:00:00,2020S108,109.29853,89.06767,0.13845760625749498,-0.12688195783034573,0.18780186355150247,-4248.1931012715095,,
2020-09-16 18:00:00,2020S108,109.5636,89.0624,0.10741066694207878,-0.18169691781739739,0.2110706547990133,-4247.069381135544,,
2020-09-16 19:00:00,2020S108,109.73503,89.0556,0.04768998417160636,-0.20890671157969815,0.21428100413553053,-4246.4197970962805,,
2020-09-16 20:00:00,2020S108,109.75697,89.04852,-0.027987676756044827,-0.21663128925820896,0.21843174113638947,-4246.539594068624,,
2020-09-16 21:00:00,2020S108,109.6242,89.0412,-0.0973938247175396,-0.20031536735857897,0.2227370725611551,-4247.1056793707485,,
2020-09-16 22:00:00,2020S108,109.37072,89.0352,-0.13915039072925584,-0.15342068908589218,0.20712493591959072,-4247.771946881658,,
2020-09-16 23:00:00,2020S108,109.07468,89.031,-0.14767229809145402,-0.09931995139023803,0.1779650537823943,-4248.297094046234,,
2020-09-17 00:00:00,2020S108,108.7898,89.0286,-0.1375817420963182,-0.05420283469617847,0.14787387547284703,-4248.440318902523,,
2020-09-17 01:00:00,2020S108,108.53494,89.0274,-0.11143119247226202,-0.01812676632485539,0.11289592691140905,-4248.189997461485,,
2020-09-17 02:00:00,2020S108,108.35319,89.0274,-0.07001142349610004,0.002954696685606075,0.07007374438728246,-4247.783837139482,,
2020-09-17 03:00:00,2020S108,108.2608,89.0276,-0.03356003220139375,-1.5633216475498257e-05,0.03356003584259175,-4247.528293390391,,
2020-09-17 04:00:00,2020S108,108.22179,89.0274,-0.012412583796418318,-0.015049687873518106,0.019508084006212,-4247.40498831949,,
2020-09-17 05:00:00,2020S108,108.2122,89.0266,-0.0009868276139491962,-0.04152848386845891,0.041540207042725534,-4247.355458152098,,
2020-09-17 06:00:00,2020S108,108.21791,89.02464,-0.007613958210872636,-0.06921121182455964,0.06962875987593761,-4247.335069539106,,
2020-09-17 07:00:00,2020S108,108.18258,89.022,-0.036906905544085336,-0.08483883533977282,0.09251890433121829,-4247.174595182452,,
2020-09-17 08:00:00,2020S108,108.07444,89.019,-0.07726168847158316,-0.08119464588697231,0.11208005632667568,-4246.666002885809,,
2020-09-17 09:00:00,2020S108,107.8828,89.0166,-0.1145684438876244,-0.06012523405273176,0.12938690855232424,-4245.551483862443,,
2020-09-17 10:00:00,2020S108,107.63073,89.015,-0.13068070469602727,-0.030091175403755888,0.13410043033872,-4243.817034844017,,
2020-09-17 11:00:00,2020S108,107.37727,89.0146,-0.12057588204896567,0.01199441305205691,0.12117099189306588,-4241.814717356867,,
2020-09-17 12:00:00,2020S108,107.1644,89.0158,-0.09041220014223865,0.05410741182396512,0.10536592404021511,-4240.136507927557,,
2020-09-17 13:00:00,2020S108,107.02737,89.0182,-0.047999642194802836,0.08422354088180899,0.09694106709490487,-4239.277882216781,,
2020-09-17 14:00:00,2020S108,106.9784,89.0214,-0.00555889259587642,0.10231260014313485,0.10246350294100573,-4239.267714715245,,
2020-09-17 15:00:00,2020S108,107.006,89.025,0.03348984007437967,0.10233836684186967,0.10767873845875338,-4239.910612782446,,
2020-09-17 16:00:00,2020S108,107.10944,89.0282,0.06386910598909971,0.09030302534840202,0.11060695767862432,-4241.000464591955,,
2020-09-17 17:00:00,2020S108,107.25636,89.031,0.07758203394185892,0.06922102428648798,0.10397366105810793,-4242.300616603198,,
2020-09-17 18:00:00,2020S108,107.4142,89.0328,0.06837685303543356,0.04511153241029963,0.08191730212497719,-4243.515002852868,,
2020-09-17 19:00:00,2020S108,107.52542,89.034,0.04101758944118731,0.030071172210539766,0.05085978806170686,-4244.310126414863,,
2020-09-17 20:00:00,2020S108,107.5758,89.0348,0.005839419204382275,0.021061120926393173,0.02185565444732015,-4244.678441833335,,
2020-09-17 21:00:00,2020S108,107.5484,89.0354,-0.02931185868266274,0.030108566855729265,0.0420203624155993,-4244.554604306451,,
2020-09-17 22:00:00,2020S108,107.45997,89.0368,-0.05361721420710022,0.057193046452764774,0.078395473223128,-4244.115126911156,,
2020-09-17 23:00:00,2020S108,107.33624,89.0392,-0.06459957093672886,0.08426496198266786,0.10617762656581622,-4243.529974074204,,
2020-09-18 00:00:00,2020S108,107.2038,89.0424,-0.05815075344467505,0.11433586964023752,0.12827393037002013,-4242.968763169741,,
2020-09-18 01:00:00,2020S108,107.10498,89.0468,-0.033410192500281786,0.14141785905974308,0.14531087992283043,-4242.648988620165,,
2020-09-18 02:00:00,2020S108,107.0706,89.0518,-0.0026091551761081577,0.14444460640466636,0.14446816953963248,-4242.658542222737,,
2020-09-18 03:00:00,2020S108,107.0948,89.0564,0.02334669803728752,0.1354273068101582,0.137424974946685,-4242.906902988274,,
2020-09-18 04:00:00,2020S108,107.16503,89.0608,0.04358322886880837,0.11737584688667307,0.12520617904478457,-4243.3716124300445,,
2020-09-18 05:00:00,2020S108,107.27157,89.0642,0.05073399559248121,0.08681473964173222,0.10055216222359246,-4244.044601560085,,
2020-09-18 06:00:00,2020S108,107.37135,89.06657,0.03926801889059161,0.05716280169187196,0.06935101444720286,-4244.688041985924,,
2020-09-18 07:00:00,2020S108,107.43161,89.068,0.010958513931246501,0.033546260934743444,0.03529080121339295,-4245.045543680617,,
2020-09-18 08:00:00,2020S108,107.41602,89.0688,-0.02790532040255673,0.027103759106514396,0.038901422396530834,-4244.944340906258,,
2020-09-18 09:00:00,2020S108,107.3174,89.0698,-0.06294020783794607,0.042163153658171186,0.07575751638673486,-4244.185838800568,,
2020-09-18 10:00:00,2020S108,107.15815,89.0716,-0.08052707940307306,0.07223092477611949,0.10817539928838842,-4242.89336748252,,
2020-09-18 11:00:00,2020S108,106.98685,89.0746,-0.07689898453893063,0.10831619950565874,0.13283769381643284,-4241.370194591278,,
2020-09-18 12:00:00,2020S108,106.8416,89.0788,-0.0550322333566294,0.1353869265821607,0.14614433481179448,-4240.057813818635,,
2020-09-18 13:00:00,2020S108,106.75959,89.0836,-0.017448788180744204,0.15345912698492875,0.15444793253376027,-4239.474943401221,,
2020-09-18 14:00:00,2020S108,106.76958,89.089,0.026290067512515836,0.1595122861995228,0.16166427279523177,-4239.824181268103,,
2020-09-18 15:00:00,2020S108,106.87,89.0942,0.06431332676230055,0.14749317407709958,0.16090506641672922,-4240.784642696918,,
2020-09-18 16:00:00,2020S108,107.04025,89.0988,0.08455938935597901,0.12038254616070793,0.14711304411367143,-4241.951166083902,,
2020-09-18 17:00:00,2020S108,107.22715,89.1022,0.08547375577956427,0.0752226812344042,0.11386050544046158,-4242.974339934845,,
2020-09-18 18:00:00,2020S108,107.4024,89.1038,0.0754496286544387,0.042109836045984575,0.08640535143098718,-4243.933933463764,,
2020-09-18 19:00:00,2020S108,107.54763,89.105,0.05335543992615223,0.045109389934939216,0.06986887740629324,-4244.675930096043,,
2020-09-18 20:00:00,2020S108,107.62939,89.1068,0.02113615312138278,0.06318104628528332,0.06662268066112059,-4244.882458060934,,
2020-09-18 21:00:00,2020S108,107.6376,89.1092,-0.006603605354532124,0.09028058220757215,0.0905217715658316,-4244.550300608117,,
2020-09-18 22:00:00,2020S108,107.60099,89.1128,-0.010508985366024418,0.13541433087105387,0.1358214996923483,-4243.808116486582,,
2020-09-18 23:00:00,2020S108,107.59259,89.1182,0.01694126342709229,0.17755993397610367,0.17836629883502217,-4242.952599552789,,
2020-09-19 00:00:00,2020S108,107.6748,89.1246,0.05498686851274161,0.2016562653846309,0.20901867160068316,-4242.301405111416,,
2020-09-19 01:00:00,2020S108,107.83245,89.1316,0.09152671744026539,0.21372541175122828,0.23249879920899,-4241.765846434699,,
2020-09-19 02:00:00,2020S108,108.07692,89.1388,0.13522025006674374,0.19873735640411072,0.24037689751431446,-4241.280222254248,,
2020-09-19 03:00:00,2020S108,108.4308,89.1448,0.185616667727678,0.16569756526366286,0.2488156556019597,-4241.254510284807,,
2020-09-19 04:00:00,2020S108,108.90374,89.1498,0.22597799729718204,0.11447564740020073,0.2533194211073053,-4241.72254370784,,
2020-09-19 05:00:00,2020S108,109.44185,89.1524,0.24009733176979992,0.04814847936089385,0.2448775301814027,-4242.341966283369,,
2020-09-19 06:00:00,2020S108,109.9812,89.153,0.22425109015819109,-0.018195377724679468,0.224988051255352,-4242.614621471928,,
2020-09-19 07:00:00,2020S108,110.44872,89.1512,0.17975707703648713,-0.08927437578226546,0.20070505951772794,-4242.413219612921,,
2020-09-19 08:00:00,2020S108,110.78703,89.14708,0.09449690133442287,-0.1326156036758696,0.16283906994368083,-4241.801327533271,,
2020-09-19 09:00:00,2020S108,110.8718,89.1424,-0.007984190351240185,-0.12456908224240805,0.12482469125249482,-4241.729358833514,,
2020-09-19 10:00:00,2020S108,110.75254,89.1388,-0.08223413415740653,-0.07514118469937797,0.11139412219073486,-4242.283734597033,,
2020-09-19 11:00:00,2020S108,110.50807,89.1374,-0.11480693843641626,-0.005999816913037463,0.1149636069203339,-4242.986886304856,,
2020-09-19 12:00:00,2020S108,110.245,89.1384,-0.10599715517985342,0.060131658868379886,0.12186555421646077,-4243.422808945936,,
2020-09-19 13:00:00,2020S108,110.03917,89.1414,-0.04345608802088287,0.11020589107765562,0.1184642140661002,-4243.432573175721,,
2020-09-19 14:00:00,2020S108,110.05305,89.14573,0.06442536894042925,0.1265350965825474,0.14199210833798132,-4243.114668080004,,
2020-09-19 15:00:00,2020S108,110.3276,89.1498,0.15552258313975134,0.09152892640368937,0.18045724766568078,-4242.628969141744,,
2020-09-19 16:00:00,2020S108,110.74933,89.1518,0.1964707193981471,0.024137454918591164,0.19794787271090455,-4241.765672417869,,
2020-09-19 17:00:00,2020S108,111.20848,89.1514,0.1917714019798476,-0.042226452167579434,0.19636533268369233,-4240.10095425391,,
2020-09-19 18:00:00,2020S108,111.609,89.149,0.14929003275158836,-0.08443076060344694,0.1715111285457795,-4237.98429981553,,
2020-09-19 19:00:00,2020S108,111.87666,89.1458,0.08919661926645003,-0.114457907335449,0.14510909496022045,-4236.1828189883,,
2020-09-19 20:00:00,2020S108,112.00698,89.1414,0.022984826637214205,-0.1264204206169623,0.1284928986540208,-4235.108098935654,,
2020-09-19 21:00:00,2020S108,111.9794,89.1374,-0.0539249224619629,-0.10523806843517194,0.1182495171681248,-4235.330046779895,,
2020-09-19 22:00:00,2020S108,111.76952,89.1344,-0.11565214840272717,-0.05407571051849498,0.12766989425172443,-4237.072391476082,,
2020-09-19 23:00:00,2020S108,111.47008,89.1338,-0.13048722699006643,0.012008909659505781,0.131038659634351,-4239.232927015437,,
2020-09-20 00:00:00,2020S108,111.1952,89.1352,-0.11286631115680937,0.06615138359482355,0.1308235825287444,-4240.735415900065,,
2020-09-20 01:00:00,2020S108,110.97275,89.1382,-0.07391233253078451,0.09020078086968475,0.1166156669133361,-4241.572304883177,,
2020-09-20 02:00:00,2020S108,110.86901,89.1412,-0.011650148144181777,0.0812340466205681,0.08206519531527366,-4241.794156677597,,
2020-09-20 03:00:00,2020S108,110.9216,89.1436,0.048628607127712116,0.04819512805618589,0.06846540585970064,-4241.5013913268,,
2020-09-20 04:00:00,2020S108,111.08525,89.1444,0.07752068863407757,0.0030210447516658863,0.07757953259522238,-4240.857621609585,,
2020-09-20 05:00:00,2020S108,111.26635,89.1438,0.07323500346448256,-0.03613432309045816,0.08166428250862423,-4240.031730092998,,
2020-09-20 06:00:00,2020S108,111.4108,89.142,0.043330157369310146,-0.07225849859197025,0.08425433612826672,-4239.321834395608,,
2020-09-20 07:00:00,2020S108,111.4588,89.139,-0.004110817803906042,-0.09328287781542528,0.09337341225715419,-4239.177009378278,,
2020-09-20 08:00:00,2020S108,111.39303,89.1358,-0.05532103441852279,-0.09323278125168236,0.10841018563335936,-4239.6815771688225,,
2020-09-20 09:00:00,2020S108,111.2154,89.1328,-0.10037649427715217,-0.06913740093936126,0.12188281590126294,-4240.706743014192,,
2020-09-20 10:00:00,2020S108,110.95212,89.1312,-0.12531972546197886,-0.02705768230836857,0.1282074559523211,-4241.917844773233,,
2020-09-20 11:00:00,2020S108,110.66568,89.131,-0.1225204533092091,0.015008105012002775,0.12343623736628313,-4242.849084284806,,
2020-09-20 12:00:00,2020S108,110.4148,89.1322,-0.09967401199325779,0.05110113808318022,0.11200997714591478,-4243.416628716638,,
2020-09-20 13:00:00,2020S108,110.22816,89.1344,-0.06726534718836602,0.07217644973447532,0.09866137455278363,-4243.669071764319,,
2020-09-20 14:00:00,2020S108,110.11902,89.137,-0.02987472759760363,0.07520876497565332,0.08092501268578262,-4243.691765774751,,
2020-09-20 15:00:00,2020S108,110.0966,89.1394,0.007462493493795283,0.06319945387271128,0.06363850861666934,-4243.532612985382,,
2020-09-20 16:00:00,2020S108,110.15222,89.1412,0.03648057267217402,0.04214561262868419,0.05574123111608564,-4243.357532484588,,
2020-09-20 17:00:00,2020S108,110.25837,89.1422,0.04917423758478558,0.01504876721349439,0.051425392917224096,-4243.192399949119,,
2020-09-20 18:00:00,2020S108,110.3704,89.1422,0.03895242108710788,-0.018072917845245076,0.04294090669732469,-4243.004203112175,,
2020-09-20 19:00:00,2020S108,110.43121,89.141,0.007203807944731818,-0.0446930718352708,0.045269918477696174,-4242.969987611921,,
2020-09-20 20:00:00,2020S108,110.40248,89.13923,-0.034647600580643895,-0.05082746377499629,0.061513309940161694,-4243.124656774477,,
2020-09-20 21:00:00,2020S108,110.2781,89.13762,-0.07530102472821597,-0.0365072512295791,0.08368407087050078,-4243.4155151904415,,
2020-09-20 22:00:00,2020S108,110.06993,89.1368,-0.10225917351347744,-0.006288066046158995,0.10245232228827389,-4243.744476537014,,
2020-09-20 23:00:00,2020S108,109.82666,89.1372,-0.09903946944529755,0.02704057571121582,0.10266454715626043,-4243.879227921064,,
2020-09-21 00:00:00,2020S108,109.6326,89.1386,-0.0732101200366515,0.05352335647865582,0.09068887122752269,-4243.775614841372,,
2020-09-21 01:00:00,2020S108,109.503,89.14076,-0.04312240665495992,0.07445328967985998,0.08603972512664644,-4243.498063328697,,
2020-09-21 02:00:00,2020S108,109.44161,89.14355,-0.010984768931546502,0.08485384885488037,0.0855619121687118,-4243.161116366166,,
2020-09-21 03:00:00,2020S108,109.4544,89.1464,0.022642620230728723,0.07900781202207321,0.08218833622496724,-4242.882081837004,,
2020-09-21 04:00:00,2020S108,109.54283,89.1488,0.04926271667783212,0.057194382405590126,0.07548518154735562,-4242.732118046756,,
2020-09-21 05:00:00,2020S108,109.67476,89.1502,0.05676784428205779,0.021059907070146544,0.06054839246615198,-4242.713170718852,,
2020-09-21 06:00:00,2020S108,109.797,89.1502,0.04675582732111247,-0.009042027736160436,0.04762211307851828,-4242.760515938665,,
2020-09-21 07:00:00,2020S108,109.88422,89.1496,0.023665569500404354,-0.027097387939007525,0.03597676490313629,-4242.840429591038,,
2020-09-21 08:00:00,2020S108,109.90301,89.1484,-0.007540809243094073,-0.03610634068983945,0.03688538520947679,-4242.937492806019,,
2020-09-21 09:00:00,2020S108,109.8506,89.1472,-0.03651482858807094,-0.02706468950277407,0.045451403990391444,-4243.029230218888,,
2020-09-21 10:00:00,2020S108,109.73996,89.1466,-0.05806045231959667,-0.009008541481888678,0.058755169501815474,-4243.0324106054595,,
2020-09-21 11:00:00,2020S108,109.59144,89.1466,-0.06811334280917061,0.018059681594985288,0.0704668685834119,-4242.970220755213,,
2020-09-21 12:00:00,2020S108,109.4358,89.1478,-0.06639518391070731,0.054158000388146714,0.08568202525955573,-4242.730447740161,,
2020-09-21 13:00:00,2020S108,109.29457,89.1502,-0.05121152149344253,0.07821665525225689,0.09349045455298488,-4242.348891008681,,
2020-09-21 14:00:00,2020S108,109.20642,89.153,-0.024374168637521502,0.08725398783911505,0.09059447273757254,-4241.971912051448,,
2020-09-21 15:00:00,2020S108,109.1852,89.156,0.005534280336050891,0.08727149865169627,0.0874467994597345,-4241.651030123921,,
2020-09-21 16:00:00,2020S108,109.23162,89.1588,0.030605087557099793,0.0662156280197179,0.07294642402766154,-4241.501377937958,,
2020-09-21 17:00:00,2020S108,109.32377,89.1604,0.04107224264700736,0.03310235202728268,0.052751254258005996,-4241.547378193382,,
2020-09-21 18:00:00,2020S108,109.4178,89.161,0.03299212678272841,-1.1061526426657184e-05,0.032992128637070274,-4241.677423661261,,
2020-09-21 19:00:00,2020S108,109.47341,89.1604,0.008148402750583952,-0.024079258682186164,0.02542060514758376,-4241.781479778067,,
2020-09-21 20:00:00,2020S108,109.45482,89.1594,-0.027932740703997993,-0.0330799635786,0.04329575029489949,-4241.8170720888,,
2020-09-21 21:00:00,2020S108,109.347,89.1582,-0.06442783294426516,-0.027040509760712487,0.06987227508828753,-4241.764281590513,,
2020-09-21 22:00:00,2020S108,109.16334,89.1576,-0.09256192082072606,4.152669454209751e-05,0.09256193013592964,-4241.46660027142,,
2020-09-21 23:00:00,2020S108,108.92827,89.1582,-0.10707264283083154,0.036124293428863495,0.11300228058987771,-4240.897664730535,,
2020-09-22 00:00:00,2020S108,108.6786,89.16,-0.10597594707683128,0.0722040870685083,0.12823545355410912,-4240.104111608906,,
2020-09-22 01:00:00,2020S108,108.44754,89.163,-0.0887188080789513,0.09925918324352717,0.13312930693548247,-4239.240923089217,,
2020-09-22 02:00:00,2020S108,108.27504,89.1666,-0.05888033838389611,0.1113025968017441,0.12591728357542395,-4238.510721069267,,
2020-09-22 03:00:00,2020S108,108.1788,89.1704,-0.026967514571649906,0.0992887572621092,0.10288587930725088,-4238.007157940132,,
2020-09-22 04:00:00,2020S108,108.1516,89.1732,-0.003025395751809646,0.0722207575029159,0.0722840980697003,-4237.790469440247,,
2020-09-22 05:00:00,2020S108,108.16499,89.1752,0.006284867743204928,0.04212950925057555,0.042595717064558364,-4237.740998976991,,
2020-09-22 06:00:00,2020S108,108.1806,89.176,-0.0024670361868981104,0.009028643557812683,0.00935962990943003,-4237.752393091499,,
2020-09-22 07:00:00,2020S108,108.15358,89.1758,-0.02731932719602997,-0.01201976802490089,0.029846615583951436,-4237.682123709627,,
2020-09-22 08:00:00,2020S108,108.05444,89.1752,-0.06321131977300766,-0.01800382178409375,0.06572525044668022,-4237.408562768201,,
2020-09-22 09:00:00,2020S108,107.8618,89.1746,-0.10295266628455624,-0.008946926938971797,0.10334069380815333,-4236.8538581836865,,
2020-09-22 10:00:00,2020S108,107.57931,89.1746,-0.1345579171586579,0.01812132101222049,0.1357726605223017,-4235.982173566287,,
2020-09-22 11:00:00,2020S108,107.2405,89.1758,-0.1510594610926229,0.0541928779861076,0.16048622623144576,-4234.865451391871,,
2020-09-22 12:00:00,2020S108,106.8808,89.1782,-0.14952005252860567,0.08723218323569945,0.17310603657938578,-4233.599430037355,,
2020-09-22 13:00:00,2020S108,106.54731,89.1816,-0.13238270766397303,0.11729990498420324,0.17687410493836583,-4232.3474638103235,,
2020-09-22 14:00:00,2020S108,106.26467,89.186,-0.10549834116299575,0.12932961795653813,0.16690131835587146,-4231.221459234557,,
2020-09-22 15:00:00,2020S108,106.0542,89.1902,-0.078430032038799,0.1233421861669548,0.14616622323249231,-4230.343377192489,,
2020-09-22 16:00:00,2020S108,105.89616,89.1942,-0.0620501751933861,0.10531037094199572,0.12223133178310151,-4229.645189773547,,
2020-09-22 17:00:00,2020S108,105.76124,89.1972,-0.05951185010394788,0.07523702424315738,0.0959284635536305,-4229.077031649162,,
2020-09-22 18:00:00,2020S108,105.614,89.1992,-0.07086336009319208,0.048173762174021265,0.08568738043432399,-4228.5212335671,,
2020-09-22 19:00:00,2020S108,105.42434,89.2004,-0.0996456670650899,0.03619344527596319,0.10601520855891802,-4227.8716510226295,,
2020-09-22 20:00:00,2020S108,105.13929,89.2016,-0.14028123120583114,0.045259464163021845,0.14740163813522464,-4226.937451225694,,
2020-09-22 21:00:00,2020S108,104.7548,89.2034,-0.18138876394667258,0.0663577094039958,0.19314561678548872,-4225.684720318175,,
2020-09-22 22:00:00,2020S108,104.27145,89.206,-0.2164266208746342,0.09943755179190507,0.23817705374275763,-4224.153741099022,,
2020-09-22 23:00:00,2020S108,103.71556,89.21,-0.2355760129679998,0.1354593791645379,0.2717449195284822,-4222.49049988642,,
2020-09-23 00:00:00,2020S108,103.135,89.215,-0.23872507377277155,0.1715130267301233,0.2939496201493433,-4220.856303083417,,
2020-09-23 01:00:00,2020S108,102.55644,89.2214,-0.22958614229745863,0.2015401917194516,0.3054967194804917,-4219.495301371872,,
2020-09-23 02:00:00,2020S108,102.01194,89.2284,-0.20652297583512946,0.21051053247635443,0.2949007016459536,-4218.5933879968325,,
2020-09-23 03:00:00,2020S108,101.5378,89.2354,-0.18782215270029487,0.21362656049241827,0.2844529282549113,-4218.748237551598,,
2020-09-23 04:00:00,2020S108,101.07647,89.2426,-0.18949361773567508,0.20767851723884867,0.28113732887164045,-4219.836016143464,,
2020-09-23 05:00:00,2020S108,100.58514,89.2492,-0.20347704299758038,0.18966069167770833,0.2781619761842116,-4222.701660083064,,
2020-09-23 06:00:00,2020S108,100.0444,89.2552,-0.22452017101816607,0.18067516816814927,0.28818886790890375,-4228.042783712817,,
2020-09-23 07:00:00,2020S108,99.43662,89.2612,-0.24733136460827915,0.18503433431027666,0.3088859154973576,-4236.660160376261,,
2020-09-23 08:00:00,2020S108,98.76876,89.26749,-0.28118878305938333,0.19589618739786263,0.34269877145305827,-4246.917004383014,,
2020-09-23 09:00:00,2020S108,97.9732,89.2742,-0.31854819499410425,0.212504693848726,0.3829245323059658,-4258.143820379463,,
2020-09-23 10:00:00,2020S108,97.09575,89.2816,-0.3424569424059427,0.23788398260607344,0.41697187744805264,-4287.791247661741,,
2020-09-23 11:00:00,2020S108,96.15586,89.29,-0.3507572782398125,0.2587632039660046,0.43587734968102365,-4282.449518727232,,
2020-09-23 12:00:00,2020S108,95.2138,89.2988,-0.34081710241104635,0.2797232874917577,0.44090975818307554,-4281.935513662827,,
2020-09-23 13:00:00,2020S108,94.30395,89.3086,-0.32124606087978996,0.28569474447213683,0.4299075698912282,-4283.643354609532,,
2020-09-23 14:00:00,2020S108,93.44583,89.3178,-0.2909297022808449,0.27056209584429325,0.39729578323571163,-4281.5641438482035,,
2020-09-23 15:00:00,2020S108,92.6816,89.3266,-0.25714588792245063,0.2525812297060717,0.360445953334556,-4285.613725746773,,
2020-09-23 16:00:00,2020S108,91.99342,89.3346,-0.22799449076613015,0.2285381941801803,0.3228175862911511,-4284.163511143436,,
2020-09-23 17:00:00,2020S108,91.37836,89.3418,-0.2005479420525179,0.19245238341741755,0.27795214865970147,-4287.054919167086,,
2020-09-23 18:00:00,2020S108,90.8352,89.3474,-0.18423090304167727,0.15645148828460095,0.24169835295677652,-4279.852231598732,,
2020-09-23 19:00:00,2020S108,90.30405,89.3522,-0.18246958084829085,0.1315111086641477,0.22492291932354117,-4284.716444509368,,
2020-09-23 20:00:00,2020S108,89.76317,89.35614,-0.1829504632568278,0.11434401864841098,0.2157438912380975,-4269.782585429336,,
2020-09-23 21:00:00,2020S108,89.2222,89.3598,-0.1766073529326756,0.10917998845616997,0.20763050592139887,-4285.387962873541,,
2020-09-23 22:00:00,2020S108,88.71286,89.3634,-0.17435693470935856,0.09933535090429925,0.20066851427297655,-4280.275290341951,,
2020-09-23 23:00:00,2020S108,88.17955,89.3664,-0.1740577079371453,0.0902404263980242,0.19605973642956323,-4279.559435677885,,
2020-09-24 00:00:00,2020S108,87.6668,89.3694,-0.16925103011469372,0.09026676322844557,0.1918176210326497,-4283.15334825278,,
2020-09-24 01:00:00,2020S108,87.15746,89.3724,-0.16463921619248642,0.09325282514112378,0.1892145895677109,-4287.073138606141,,
2020-09-24 02:00:00,2020S108,86.66773,89.3756,-0.15722650054067802,0.09325271649471766,0.18280109848114157,-4291.107635727229,,
2020-09-24 03:00:00,2020S108,86.1988,89.3786,-0.1560758786860857,0.08427910398416993,0.17737713290051868,-4294.97462140109,,
2020-09-24 04:00:00,2020S108,85.71146,89.3812,-0.163859178570549,0.0692561022941412,0.17789389564229463,-4298.707359813213,,
2020-09-24 05:00:00,2020S108,85.19075,89.3832,-0.1749012781497119,0.04820243866646073,0.18142197273703314,-4302.065817339915,,
2020-09-24 06:00:00,2020S108,84.6322,89.3844,-0.19436749629281636,0.030234351638314977,0.19670495579452812,-4305.200698826991,,
2020-09-24 07:00:00,2020S108,83.98861,89.3852,-0.2220523925380723,0.04229947491221664,0.2260453729005117,-4309.1967243837935,,
2020-09-24 08:00:00,2020S108,83.2552,89.3872,-0.23155794582866038,0.08720701031781486,0.24743513276202367,-4313.983790219671,,
2020-09-24 09:00:00,2020S108,82.5476,89.391,-0.21177592517152766,0.13824671818693574,0.25290551115330506,-4317.630938110724,,
2020-09-24 10:00:00,2020S108,81.92985,89.3964,-0.1661667148616534,0.1923075000790786,0.2541526150063753,-4318.8637894455605,,
2020-09-24 11:00:00,2020S108,81.49948,89.4038,-0.08786681996260698,0.23448092111137164,0.2504034353110565,-4313.8097761409335,,
2020-09-24 12:00:00,2020S108,81.3722,89.412,-0.0028713120560497907,0.24975551042159003,0.24977201488331752,-4300.108814363073,,
2020-09-24 13:00:00,2020S108,81.48426,89.4204,0.06082358376883022,0.2498540284530782,0.25715081931954936,-4283.23041687482,,
2020-09-24 14:00:00,2020S108,81.77431,89.4286,0.08967208410689323,0.2317159866912739,0.2484620316192886,-4267.063905783745,,
2020-09-24 15:00:00,2020S108,82.0816,89.4358,0.07670458859807536,0.18650008696783263,0.20165781995997362,-4256.178210331027,,
2020-09-24 16:00:00,2020S108,82.29004,89.441,0.045478182041971855,0.13461653983253621,0.14209108993292838,-4251.794832288226,,
2020-09-24 17:00:00,2020S108,82.39015,89.44475,0.008312995633385147,0.09026441644672327,0.09064640518447584,-4249.943716383822,,
2020-09-24 18:00:00,2020S108,82.3462,89.447,-0.04259350067519227,0.06402115480190049,0.0768954781631307,-4248.870836733311,,
2020-09-24 19:00:00,2020S108,82.09611,89.449,-0.0886390734125306,0.07531573273008886,0.11631571231825118,-4247.663869347471,,
2020-09-24 20:00:00,2020S108,81.73251,89.452,-0.10662440281635381,0.09630417827814368,0.14367761840235435,-4246.328423879155,,
2020-09-24 21:00:00,2020S108,81.3548,89.4554,-0.09622082196605489,0.12029501631734543,0.15404329758419752,-4245.572187267726,,
2020-09-24 22:00:00,2020S108,81.05954,89.46,-0.06292622294715125,0.15338482144178905,0.16579087122976371,-4245.871988943965,,
2020-09-24 23:00:00,2020S108,80.91202,89.4656,-0.018535572314964735,0.17751357134607693,0.17847866946243754,-4247.864407861524,,
2020-09-25 00:00:00,2020S108,80.9292,89.4718,0.02825184017989185,0.20165551531748552,0.20362493298098538,-4249.802053404587,,
2020-09-25 01:00:00,2020S108,81.11808,89.479,0.07172201254820505,0.2077221951880226,0.2197556767359966,-4250.270266803916,,
2020-09-25 02:00:00,2020S108,81.4551,89.4856,0.09583042187505743,0.18659327106653728,0.20976300570897086,-4250.050788311166,,
2020-09-25 03:00:00,2020S108,81.8274,89.4914,0.11380883881935601,0.15958767107266014,0.19601192961604588,-4249.858440599159,,
2020-09-25 04:00:00,2020S108,82.30754,89.4962,0.12440908724745024,0.1293662383748086,0.17948048534866257,-4249.848447931332,,
2020-09-25 05:00:00,2020S108,82.76669,89.5,0.10071269745011903,0.1081928265513368,0.14781317649264852,-4249.945278496448,,
2020-09-25 06:00:00,2020S108,83.0732,89.5034,0.0654033680282638,0.09321849958528136,0.11387400587654595,-4249.745968762522,,
2020-09-25 07:00:00,2020S108,83.26723,89.5062,0.031714123199481484,0.09023431676639773,0.09564526926414342,-4249.478238441884,,
2020-09-25 08:00:00,2020S108,83.317,89.5094,-0.0018809439443866066,0.10532201800536861,0.10533881253766399,-4248.661570233989,,
2020-09-25 09:00:00,2020S108,83.2518,89.5132,-0.024307268557147252,0.12639672018746284,0.1287127584152288,-4247.580190128585,,
2020-09-25 10:00:00,2020S108,83.12617,89.5178,-0.026712892075522618,0.1564657599116353,0.15872968414182653,-4246.865933090427,,
2020-09-25 11:00:00,2020S108,83.04101,89.5236,-0.014615327329826677,0.17452326836281642,0.17513417425790323,-4247.01368820309,,
2020-09-25 12:00:00,2020S108,83.01,89.5294,-0.004024717297677796,0.16851084707338054,0.16855890344539642,-4246.94094627864,,
2020-09-25 13:00:00,2020S108,83.00881,89.5348,0.005894234121572292,0.1534687676540559,0.1535819150848644,-4245.588317085878,,
2020-09-25 14:00:00,2020S108,83.05878,89.5396,0.015486998114125766,0.1263875798831353,0.12733290014486764,-4243.399269988422,,
2020-09-25 15:00:00,2020S108,83.137,89.5432,0.02170297604118273,0.11736094149379867,0.11935078448571247,-4241.325341067205,,
2020-09-25 16:00:00,2020S108,83.24004,89.5474,0.030499035206684864,0.1294061849048163,0.1329516898732698,-4238.633483350452,,
2020-09-25 17:00:00,2020S108,83.39416,89.5518,0.0267277769815725,0.12034611177209117,0.12327838691772917,-4235.959961651879,,
2020-09-25 18:00:00,2020S108,83.4662,89.5554,0.0027507777999412134,0.10531689165252378,0.10535280938757202,-4233.722298715225,,
2020-09-25 19:00:00,2020S108,83.41676,89.5588,-0.030958266449855006,0.0963379404229788,0.1011899848133284,-4231.472678969672,,
2020-09-25 20:00:00,2020S108,83.19788,89.5618,-0.06139520766759472,0.09333394272425119,0.11171658958722686,-4229.403535095528,,
2020-09-25 21:00:00,2020S108,82.8824,89.565,-0.07829974365090493,0.1053556809339131,0.13126564425182216,-4227.358937182111,,
2020-09-25 22:00:00,2020S108,82.51149,89.5688,-0.08517705816772536,0.1203708149445646,0.1474593650078783,-4225.202790328983,,
2020-09-25 23:00:00,2020S108,82.1297,89.573,-0.08405636680869907,0.1293797329746121,0.15428735562469303,-4223.1269276594485,,
2020-09-26 00:00:00,2020S108,81.7618,89.5774,-0.07801347966978045,0.13839510546728806,0.15886883969957427,-4221.287901786987,,
2020-09-26 01:00:00,2020S108,81.42672,89.5822,-0.0645384946710888,0.13536227047221772,0.149960533347291,-4219.529418183909,,
2020-09-26 02:00:00,2020S108,81.17486,89.5864,-0.05230527967846294,0.11433552578028747,0.12573167754268216,-4218.156300225089,,
2020-09-26 03:00:00,2020S108,80.9458,89.5898,-0.05931821052265845,0.09633921193523536,0.11313661589385031,-4217.232462869264,,
2020-09-26 04:00:00,2020S108,80.62371,89.5928,-0.06743688759601163,0.08123697456686474,0.10558020574622184,-4217.013556951664,,
2020-09-26 05:00:00,2020S108,80.31568,89.5952,-0.0672243052374437,0.05718175173987131,0.08825451799594895,-4217.180461116161,,
2020-09-26 06:00:00,2020S108,79.992,89.5966,-0.07689805259012981,0.027133859168935775,0.08154481470672437,-4218.025071513146,,
2020-09-26 07:00:00,2020S108,79.59047,89.597,-0.10189394404963178,-0.0028680256445858462,0.10193429945355732,-4219.648137916212,,
2020-09-26 08:00:00,2020S108,79.03037,89.5964,-0.1292749594076125,-0.026969543909112,0.13205821227210893,-4222.206779188515,,
2020-09-26 09:00:00,2020S108,78.3718,89.5952,-0.14930300524401302,-0.03900259791004296,0.15431328529529226,-4224.905130846873,,
2020-09-26 10:00:00,2020S108,77.62639,89.5938,-0.16283641024983628,-0.051101545771774164,0.17066653006174853,-4227.0991160520325,,
2020-09-26 11:00:00,2020S108,76.84642,89.5918,-0.16643092558807607,-0.06620631136735036,0.17911596427168144,-4228.761050287828,,
2020-09-26 12:00:00,2020S108,76.0744,89.5894,-0.16163591729375576,-0.08431335765371327,0.1823044487615067,-4229.762023497245,,
2020-09-26 13:00:00,2020S108,75.34841,89.5862,-0.14929201522551155,-0.10541409529072093,0.18275731803694092,-4230.182242831645,,
2020-09-26 14:00:00,2020S108,74.70078,89.5824,-0.13943855437183467,-0.1203870864871136,0.18421770012179303,-4230.0456454802215,,
2020-09-26 15:00:00,2020S108,74.0772,89.5782,-0.13357640763374604,-0.1294333182682028,0.18599903374548635,-4229.908960317146,,
2020-09-26 16:00:00,2020S108,73.49465,89.5738,-0.1269615913963767,-0.13844749819323782,0.18784822449484878,-4230.003245878759,,
2020-09-26 17:00:00,2020S108,72.94296,89.569,-0.12876797009774857,-0.15041164823475003,0.19800215667458992,-4230.046839255472,,
2020-09-26 18:00:00,2020S108,72.3578,89.5638,-0.13379426248586423,-0.1654972937093907,0.21281508146573794,-4230.4419125512295,,
2020-09-26 19:00:00,2020S108,71.77564,89.558,-0.13823719129189352,-0.17749791761073522,0.224977847381512,-4232.079833793608,,
2020-09-26 20:00:00,2020S108,71.16738,89.552,-0.14977760464752238,-0.1804639830202554,0.23452202459787128,-4235.0438663622435,,
2020-09-26 21:00:00,2020S108,70.5032,89.546,-0.16154923960770698,-0.1789937447870959,0.24111598348250649,-4240.208851092592,,
2020-09-26 22:00:00,2020S108,69.81247,89.5401,-0.1671546541324494,-0.1805317342599572,0.24603330155295355,-4249.611364461801,,
2020-09-26 23:00:00,2020S108,69.11939,89.534,-0.16264763536687282,-0.1730923736942887,0.2375188900310005,-4264.330764510047,,
2020-09-27 00:00:00,2020S108,68.4816,89.5286,-0.15168789571246916,-0.16555928444866325,0.22454196572763477,-4279.227829916957,,
2020-09-27 01:00:00,2020S108,67.89365,89.523,-0.13600305477013544,-0.1731240146400287,0.22015620670762232,-4295.210949633556,,
2020-09-27 02:00:00,2020S108,67.39506,89.5171,-0.1112225459501752,-0.18366789902283673,0.21471923961094355,-4308.858871606131,,
2020-09-27 03:00:00,2020S108,67.0154,89.5108,-0.09326420373700207,-0.20013129138865032,0.22079570985774585,-4317.092960980637,,
2020-09-27 04:00:00,2020S108,66.66911,89.5038,-0.08526166423582145,-0.2196924387072651,0.23565720658067596,-4326.527697395953,,
2020-09-27 05:00:00,2020S108,66.36088,89.4962,-0.07724196613944025,-0.235635058555467,0.2479721802007733,-4332.049351595324,,
2020-09-27 06:00:00,2020S108,66.08501,89.48814,-0.07407527475243866,-0.2527663089850703,0.2633969500347058,-4331.104303707136,,
2020-09-27 07:00:00,2020S108,65.81012,89.4794,-0.0758098695264387,-0.26690563873626105,0.27746307196963554,-4332.251864750023,,
2020-09-27 08:00:00,2020S108,65.53068,89.4704,-0.07939775068003872,-0.27081229235373144,0.2822114464420827,-4335.876216541785,,
2020-09-27 09:00:00,2020S108,65.2394,89.4614,-0.08043356644590495,-0.26556418452955066,0.27747773733410225,-4336.24561940449,,
2020-09-27 10:00:00,2020S108,64.96157,89.45275,-0.0787295031470211,-0.2617990749468069,0.2733808521253466,-4334.410317173341,,
2020-09-27 11:00:00,2020S108,64.69147,89.444,-0.07417486741298507,-0.2550441642845857,0.2656114393081681,-4334.229475628454,,
2020-09-27 12:00:00,2020S108,64.4528,89.4358,-0.06256937409865387,-0.246779260693118,0.254587764991445,-4335.102095037784,,
2020-09-27 13:00:00,2020S108,64.26836,89.4276,-0.04841690179305083,-0.23894613803991643,0.243802078053959,-4334.463936732568,,
2020-09-27 14:00:00,2020S108,64.1299,89.41992,-0.03921362307709463,-0.22569345362514906,0.22907475470701646,-4332.269484288599,,
2020-09-27 15:00:00,2020S108,64.0106,89.4126,-0.031014556755800428,-0.22148447951192962,0.22364542784378388,-4329.101992521132,,
2020-09-27 16:00:00,2020S108,63.92838,89.4052,-0.018909641238470075,-0.22268554296706983,0.223486969593993,-4325.877016917625,,
2020-09-27 17:00:00,2020S108,63.889,89.3978,-0.005327401314997732,-0.2296019046409386,0.22966370157148847,-4321.306941378654,,
2020-09-27 18:00:00,2020S108,63.89414,89.38994,-0.001061565944034254,-0.23772460148083077,0.23772697169541648,-4320.099771888731,,
2020-09-27 19:00:00,2020S108,63.88259,89.382,-0.0074653744746513845,-0.23381150143202684,0.23393065215560244,-4318.579838630422,,
2020-09-27 20:00:00,2020S108,63.84841,89.3744,-0.01768279250733277,-0.22568229363500883,0.22637397997829992,-4319.241911783962,,
2020-09-27 21:00:00,2020S108,63.7754,89.367,-0.03028305588186117,-0.21785493035740125,0.21994961730944676,-4320.570392175235,,
2020-09-27 22:00:00,2020S108,63.66659,89.35992,-0.043502966967530324,-0.213635950795782,0.21802024586582738,-4321.786887108415,,
2020-09-27 23:00:00,2020S108,63.51704,89.3528,-0.05153247626846215,-0.20040903792678624,0.20692843833823243,-4322.526330705621,,
2020-09-28 00:00:00,2020S108,63.3632,89.3466,-0.04730479671609265,-0.17620036143176065,0.18243988369058434,-4322.747758603994,,
2020-09-28 01:00:00,2020S108,63.24091,89.34109,-0.035823550388236904,-0.16250750699917135,0.16640918422221856,-4322.766561032338,,
2020-09-28 02:00:00,2020S108,63.15582,89.3358,-0.024139809041904364,-0.14881092985346508,0.15075617143066652,-4322.7784069790205,,
2020-09-28 03:00:00,2020S108,63.1022,89.3312,-0.013371733031650488,-0.13436393721300366,0.13502766704512717,-4322.592598241196,,
2020-09-28 04:00:00,2020S108,63.07946,89.32687,-0.006812405225688486,-0.12036807381469304,0.12056069864934583,-4322.1452374423425,,
2020-09-28 05:00:00,2020S108,63.0636,89.3232,-0.007128519710175373,-0.11239283285316849,0.11261866927831563,-4321.851811170929,,
2020-09-28 06:00:00,2020S108,63.0394,89.3194,-0.014332941987683409,-0.11434539754181809,0.11524019769602409,-4321.805316750057,,
2020-09-28 07:00:00,2020S108,62.98358,89.3156,-0.02279888665922506,-0.11630231867474854,0.118515900038868,-4322.2652228973175,,
2020-09-28 08:00:00,2020S108,62.91264,89.31167,-0.02690643705827673,-0.12337533198773123,0.12627521094123703,-4323.126896833342,,
2020-09-28 09:00:00,2020S108,62.8348,89.3074,-0.029012918112101993,-0.1334568353982592,0.13657406903178065,-4324.3818579744675,,
2020-09-28 10:00:00,2020S108,62.75318,89.3028,-0.03220901599986466,-0.1343570293436633,0.1381637870273305,-4326.008118737658,,
2020-09-28 11:00:00,2020S108,62.65892,89.29847,-0.032579944491628515,-0.12338035074107909,0.12760941866519607,-4327.7271226979965,,
2020-09-28 12:00:00,2020S108,62.5762,89.2946,-0.025781242390253742,-0.11540867546322578,0.11825326562662525,-4329.294900922506,,
2020-09-28 13:00:00,2020S108,62.51959,89.2908,-0.01508759220805404,-0.10833549316837579,0.10938105191792466,-4331.349719963768,,
2020-09-28 14:00:00,2020S108,62.495,89.2874,-0.0008994505447935293,-0.08726726210515327,0.08727189723279798,-4334.505698407275,,
2020-09-28 15:00:00,2020S108,62.5146,89.285,0.014748558693861862,-0.07221585140497543,0.07370650702408695,-4337.188932434447,,
2020-09-28 16:00:00,2020S108,62.57342,89.2826,0.030938230028495904,-0.06318069237882903,0.07034894431876254,-4337.904207679493,,
2020-09-28 17:00:00,2020S108,62.67876,89.2808,0.04994756181551635,-0.05113296424206756,0.07147964020261564,-4336.522234175012,,
2020-09-28 18:00:00,2020S108,62.8378,89.2792,0.06412328211523095,-0.039107873480907926,0.07510806266592289,-4335.747580304222,,
2020-09-28 19:00:00,2020S108,63.01764,89.2782,0.056349542821066904,-0.030122606792002078,0.06389555865698979,-4336.008163029241,,
2020-09-28 20:00:00,2020S108,63.13518,89.2772,0.03049117121168214,-0.02710261840841771,0.04079538511219641,-4335.809692025823,,
2020-09-28 21:00:00,2020S108,63.1784,89.2764,-0.00037946781465928326,-0.0239229132539719,0.023925922644266545,-4335.355941410689,,
2020-09-28 22:00:00,2020S108,63.13328,89.27561,-0.031832925433123944,-0.015024601543795715,0.03520048001349779,-4335.114537344054,,
2020-09-28 23:00:00,2020S108,63.01104,89.2754,-0.05457992197421005,-0.003139463259222205,0.05467013912792671,-4335.102155713971,,
2020-09-29 00:00:00,2020S108,62.8464,89.2754,-0.06460758684171318,0.009033452427731974,0.06523606012224839,-4334.492164640221,,
2020-09-29 01:00:00,2020S108,62.67135,89.276,-0.0630637878991793,0.020753335228612575,0.0663908296928412,-4333.342766364557,,
2020-09-29 02:00:00,2020S108,62.51467,89.27678,-0.051458851432886525,0.027063746395120457,0.058141721334436625,-4334.179106742703,,
2020-09-29 03:00:00,2020S108,62.4004,89.2778,-0.03306965569685422,0.027368096113481767,0.04292568942702328,-4335.883528907378,,
2020-09-29 04:00:00,2020S108,62.34039,89.2786,-0.014596567180546171,0.021058963892872644,0.02562303131359581,-4336.678225773067,,
2020-09-29 05:00:00,2020S108,62.3234,89.2792,-0.001855721390258655,0.009027228197221307,0.00921599429269414,-4336.735071211108,,
2020-09-29 06:00:00,2020S108,62.3306,89.2792,0.001739894933800001,-0.012036905562793307,0.012162003531830905,-4336.715477799768,,
2020-09-29 07:00:00,2020S108,62.33259,89.2784,-0.010472558578389655,-0.0300866628965432,0.0318572090338754,-4336.716014703832,,
2020-09-29 08:00:00,2020S108,62.27543,89.2772,-0.033701908677414905,-0.042110307417740675,0.05393604211765486,-4336.5898518467875,,
2020-09-29 09:00:00,2020S108,62.1552,89.2756,-0.054626109430182784,-0.060161843109247104,0.08126167114808781,-4335.938647446966,,
2020-09-29 10:00:00,2020S108,61.98855,89.2732,-0.06822706987749745,-0.07521552755098176,0.10154953790560259,-4335.870191276323,,
2020-09-29 11:00:00,2020S108,61.79785,89.2706,-0.07289892723757149,-0.08124874298010053,0.10915865438999868,-4336.608422102344,,
2020-09-29 12:00:00,2020S108,61.608,89.2678,-0.06849635870440197,-0.08728066808974029,0.1109489350014389,-4336.643440459592,,
2020-09-29 13:00:00,2020S108,61.44156,89.2648,-0.059326389715620674,-0.09329842423930557,0.11056317869086048,-4335.800709351882,,
2020-09-29 14:00:00,2020S108,61.30064,89.2616,-0.04835138720896223,-0.09028977220983408,0.10242118731363509,-4335.86012568121,,
2020-09-29 15:00:00,2020S108,61.192,89.2588,-0.03454437923026049,-0.08126060549776766,0.08829835866123378,-4335.992554239427,,
2020-09-29 16:00:00,2020S108,61.12299,89.2562,-0.018344585823191307,-0.08035302644356504,0.08242046279695774,-4335.913221033521,,
2020-09-29 17:00:00,2020S108,61.09793,89.25346,-0.004723217331445411,-0.10231437970083221,0.10242334243484799,-4336.07810413126,,
2020-09-29 18:00:00,2020S108,61.0988,89.2494,0.00021020575268860392,-0.12728984621359357,0.1272900197797878,-4334.025024191106,,
2020-09-29 19:00:00,2020S108,61.099,89.245,-0.0075822947109505795,-0.14443991155754657,0.14463878886327686,-4330.712565806671,,
2020-09-29 20:00:00,2020S108,61.06082,89.2398,-0.025135651549283086,-0.1534593051843431,0.15550420999596226,-4330.446420260418,,
2020-09-29 21:00:00,2020S108,60.9734,89.2348,-0.042121274967758644,-0.1444296447386423,0.15044641599001274,-4333.599147665104,,
2020-09-29 22:00:00,2020S108,60.85136,89.2302,-0.05515431050613792,-0.13239161938785526,0.1434208452476355,-4334.830125400067,,
2020-09-29 23:00:00,2020S108,60.70065,89.226,-0.06490299182746166,-0.11734911604659934,0.1341015040373291,-4335.419217966074,,
2020-09-30 00:00:00,2020S108,60.532,89.2224,-0.06920838319981593,-0.09629369362133501,0.11858446667406358,-4336.469093396405,,
2020-09-30 01:00:00,2020S108,60.36155,89.2196,-0.06951736300833564,-0.07523125601552967,0.10243244428064227,-4337.8326197192355,,
2020-09-30 02:00:00,2020S108,60.19264,89.2174,-0.062437487255449335,-0.06321199991247134,0.0888492923309391,-4339.31566635321,,
2020-09-30 03:00:00,2020S108,60.0576,89.2154,-0.04758051232455862,-0.05719141292445506,0.07439598689017439,-4340.4411124013795,,
2020-09-30 04:00:00,2020S108,59.96158,89.2136,-0.03484691582069706,-0.05718234959977256,0.0669636367588063,-4341.004611946927,-0.01899999938905239,-5.374000072479248
2020-09-30 05:00:00,2020S108,59.88882,89.2116,-0.030890860471021096,-0.06319276808259125,0.07033897353942732,-4341.431401616779,-0.5879999995231628,-4.986000061035156
2020-09-30 06:00:00,2020S108,59.8124,89.2094,-0.03506402572386898,-0.06619808310244764,0.07491109468164718,-4342.1148598209475,-1.1369999647140503,-4.425000190734863
2020-09-30 07:00:00,2020S108,59.71997,89.2072,-0.04594500180003519,-0.06919786275203975,0.08306194916961296,-4343.1523640913065,-1.7289999723434448,-3.7639999389648438
2020-09-30 08:00:00,2020S108,59.59184,89.2048,-0.062130647607772815,-0.07520824531522183,0.09755253730967653,-4344.734087908408,-1.8339999914169312,-3.066999912261963
2020-09-30 09:00:00,2020S108,59.4226,89.2022,-0.08040453286200155,-0.07519865929065771,0.11008963286281369,-4345.869857325058,-1.5989999771118164,-2.681999921798706
2020-09-30 10:00:00,2020S108,59.20814,89.1998,-0.0927106528784889,-0.06318337510331415,0.11219360073819612,-4347.910945252968,-1.6549999713897705,-2.377000093460083
2020-09-30 11:00:00,2020S108,58.98126,89.198,-0.09395058310983503,-0.04213503358962219,0.1029663688894418,-4350.974384264179,-1.0230000019073486,-2.5209999084472656
2020-09-30 12:00:00,2020S108,58.7618,89.197,-0.08547951311778293,-0.02409864420154151,0.08881155226211122,-4353.709412873769,-0.07199999690055847,-2.941999912261963
